workerid	READ_PHONE_STATE	ACCESS_FINE_LOCATION	GET_ACCOUNTS	CAMERA	READ_CONTACTS	RECORD_AUDIO	SEND_SMS	ACCESS_COARSE_LOCATION	BLUETOOTH	MANAGE_ACCOUNTS	AUTHENTICATE_ACCOUNTS
A2VD9X4Q51UGFK	-0.777777777778	0.466666666667	0.0	1.0	0.0	1.0	0.0	-1.0	0.0	0.0	0.0
A2WGW5Y3ZFBDEC	-0.615384615385	-0.176470588235	-1.0	1.0	-1.0	-0.666666666667	0.555555555556	0.0	1.0	0.75	0.333333333333
ATGF05HW5Q63J	0.0	1.0	0.0	0.0	0.0	0.0	0.0	0.0	0.0	0.0	0.0
A1DDQ8U2YRB25X	-0.929411764706	-0.733333333333	-0.666666666667	0.0	0.0	0.0	0.0	0.0	0.0	0.0	0.0
A3PPCEDYR2EB22	-0.75	-0.714285714286	-1.0	0.0	-1.0	-1.0	-1.0	1.0	0.0	1.0	0.0
AXYKTP0YCYJB9	-1.0	-0.333333333333	0.0	0.0	1.0	1.0	0.0	0.0	0.0	0.0	0.0
A2VSG0OWY55DGW	-0.911111111111	0.0	-1.0	1.0	-1.0	0.0	0.0	-1.0	0.0	0.0	0.0
A2D8ZM1E0USP73	0.2	0.125	1.0	1.0	0.0	1.0	0.0	-1.0	0.0	0.0	0.0
A2TMSM19YCEXLE	0.0	-1.0	0.0	0.0	0.0	0.0	0.0	0.0	0.0	0.0	0.0
A2GPPM7A4B5CAB	1.0	0.0	0.0	0.0	0.0	0.0	0.0	0.0	0.0	0.0	0.0
A34HTHVJNYR1O0	0.0	0.0	0.0	0.0	0.0	1.0	0.0	0.0	0.0	0.0	0.0
AHKOZVL0KZKAB	-1.0	-1.0	0.0	0.0	0.0	0.0	-1.0	0.0	1.0	-1.0	0.0
A1SR4LSPEN7ZT7	0.0	1.0	0.0	0.0	0.0	0.0	0.0	0.0	0.0	0.0	0.0
A264NN7JBX4UDQ	1.0	0.5	0.0	0.0	0.0	1.0	0.0	0.0	0.0	0.0	0.0
A1EV66QWCULDE5	-0.2	0.0	0.0	0.0	0.0	0.0	0.0	0.0	0.0	0.0	0.0
A3S8UNGS9Z0P0X	0.846153846154	1.0	1.0	1.0	0.0	0.0	0.0	0.0	0.0	0.0	0.0
A2VH4HK8WDR5ZN	0.0	-1.0	0.0	0.0	0.0	-1.0	0.0	0.0	0.0	0.0	0.0
A7F14VFA3N7SD	0.333333333333	0.0	0.0	0.0	0.0	0.0	0.0	0.0	0.0	0.0	0.0
AK7LGB1QOGA1P	1.0	0.0	0.0	0.0	0.0	0.0	0.0	0.0	0.0	0.0	0.0
A4SKTCPDTV550	0.626865671642	0.724137931034	1.0	1.0	1.0	0.0	0.0	0.0	0.0	0.0	0.0
A2C73Y1COWCA51	-1.0	0.0	0.0	0.0	0.0	0.0	0.0	0.0	0.0	0.0	0.0
A2AH0QIM25B0AG	0.0	1.0	0.0	0.0	0.0	0.0	0.0	0.0	0.0	0.0	0.0
ADU4116NTU2Z7	-1.0	-1.0	0.0	-0.5	0.0	0.0	0.0	0.0	0.0	0.0	0.0
AZLBLEDRP6UYM	0.333333333333	-1.0	0.0	0.0	0.0	0.0	0.0	0.0	0.0	0.0	0.0
A2OW2CIT4H7364	0.428571428571	1.0	0.0	0.0	0.0	0.0	0.0	0.0	0.0	0.0	0.0
A19RUEYADULHZN	0.0	-1.0	0.0	1.0	0.0	0.0	0.0	0.0	0.0	0.0	0.0
AFVQI58RRXP7Z	-1.0	0.0	0.0	0.0	0.0	0.0	0.0	0.0	0.0	0.0	0.0
A7NZ814Q5MX2R	-1.0	0.0	0.0	0.0	0.0	0.0	0.0	0.0	0.0	0.0	0.0
A18TCR555RWUZV	-1.0	0.333333333333	0.0	1.0	-1.0	0.0	0.0	-1.0	1.0	0.0	0.0
A2SWJ2C2YOUGRF	0.333333333333	-1.0	0.0	0.0	0.0	0.0	0.0	0.0	0.0	0.0	0.0
A2HWEJ5KJE5ZO6	0.888888888889	1.0	1.0	0.0	0.0	0.0	0.0	0.0	0.0	0.0	0.0
AD0F6ADE4GL00	0.0	0.0	0.0	0.0	0.0	0.0	0.0	0.0	0.0	0.0	0.0
AP0A2XBW34SZJ	-0.894736842105	-0.428571428571	1.0	1.0	0.0	0.0	0.0	0.0	0.0	0.0	0.0
A1NQWTNVPGU1ZV	1.0	-1.0	0.0	0.0	1.0	-1.0	-1.0	-1.0	0.0	0.0	0.0
A167HNWLG22UFD	-0.243243243243	-0.173913043478	-0.755102040816	0.666666666667	-0.487179487179	0.310344827586	0.4	0.285714285714	0.142857142857	0.157894736842	-0.368421052632
A359HMOD4EINQ2	1.0	0.0	0.0	0.0	0.0	0.0	0.0	0.0	0.0	0.0	0.0
AJZ9HV5VBD7CA	-0.818181818182	-1.0	-1.0	1.0	0.0	0.0	0.0	0.0	0.0	0.0	0.0
A2OXXHGAM7B0Y	-1.0	0.0	0.0	0.0	0.0	0.0	0.0	-1.0	0.0	0.0	0.0
A771BLWJLMWYY	-0.92	0.0	-1.0	0.6	0.0	0.0	0.0	-1.0	0.0	0.0	0.0
A39YBLQYIUBR76	1.0	0.0	0.0	0.0	0.0	0.0	0.0	0.0	0.0	0.0	0.0
A130X6CF795CQ5	0.0	0.0	0.0	0.0	0.0	-1.0	0.0	0.0	0.0	0.0	0.0
A2ZHN45QR1Y8E4	-0.25	0.2	1.0	1.0	0.6	1.0	-1.0	0.0	0.0	1.0	1.0
A31X1FW485DON4	0.0	0.5	0.0	0.0	0.0	1.0	0.0	0.0	0.0	0.0	0.0
A042274229VCDRN12COMF	-0.333333333333	1.0	0.0	0.0	0.0	0.0	0.0	0.0	0.0	0.0	0.0
A166A2M31CW2C7	0.80487804878	0.130434782609	1.0	0.384615384615	-0.333333333333	0.636363636364	-0.428571428571	0.6	0.333333333333	1.0	1.0
A68PQP2VAVN8D	-1.0	1.0	0.0	0.0	0.0	0.0	0.0	0.0	0.0	0.0	0.0
A15YL2MKU0RY98	0.0	-1.0	0.0	0.0	0.0	0.0	0.0	0.0	0.0	0.0	0.0
A20ALQT1HIVSAH	-1.0	1.0	0.0	1.0	0.0	0.0	1.0	1.0	0.0	0.0	0.0
ADT8XTB3NGLTF	1.0	0.0	0.0	0.0	0.0	1.0	0.0	0.0	0.0	0.0	0.0
A12H2RTXSAQPRH	1.0	-0.142857142857	0.0	0.0	0.0	0.0	0.0	-1.0	0.0	0.0	0.0
A1HJLW84GIDPKD	-1.0	0.0	0.0	0.0	0.0	0.0	0.0	0.0	0.0	0.0	0.0
A7TP8TTJ88Y0R	1.0	0.0	0.0	0.0	0.0	0.0	0.0	0.0	0.0	0.0	0.0
A175ZTL2OZO9YU	1.0	0.0	0.0	0.0	0.0	0.0	0.0	0.0	0.0	0.0	0.0
A1WXGV56U8S8OG	0.0	1.0	0.0	0.0	0.0	0.0	0.0	0.0	0.0	0.0	0.0
A1MO07YOP3THQ2	0.0967741935484	0.166666666667	1.0	0.0	0.0	1.0	0.0	-1.0	0.0	0.0	0.0
A23O7BIKKPOZ2L	-1.0	-1.0	0.0	0.0	0.0	0.0	-1.0	-1.0	0.0	0.0	0.0
A2RMJNF6IPI42F	0.714285714286	0.857142857143	0.6	-0.333333333333	-1.0	-0.833333333333	-1.0	0.2	0.5	1.0	0.6
A14IF6TCJEUQCS	0.333333333333	1.0	0.0	0.0	0.0	0.0	0.0	0.0	0.0	0.0	0.0
A3I9LB2O58MKV1	-0.333333333333	1.0	0.0	0.0	0.0	1.0	0.0	0.0	0.0	0.0	0.0
A9JHTV37LSE5F	0.238095238095	-0.473684210526	-0.714285714286	1.0	-1.0	0.25	-0.809523809524	-0.111111111111	0.818181818182	0.5	-1.0
A3G2NBQKB9DX7E	0.0	-1.0	0.0	1.0	0.0	0.0	0.0	0.0	0.0	0.0	0.0
A1YRVRV46ZOVMP	0.0	-1.0	0.0	0.0	0.0	0.0	0.0	0.0	0.0	0.0	0.0
A1P861SBXSP7D2	0.0	0.0	0.0	0.0	0.0	0.0	0.0	0.0	0.0	0.0	0.0
A3JX5WINGY8PEM	1.0	1.0	0.0	0.0	0.0	0.0	0.0	0.0	0.0	0.0	0.0
A3B2H4HGSP6JCF	-0.333333333333	1.0	-1.0	1.0	-1.0	0.0	0.0	0.0	1.0	-1.0	-1.0
AIQU5HARE60W1	0.0	1.0	1.0	0.0	0.0	0.0	0.0	0.0	0.0	0.0	0.0
A3GSCVUHX7DM8T	-1.0	0.428571428571	0.0	0.0	0.0	1.0	0.0	0.0	0.0	0.0	0.0
ASXIEBMMWW1NE	0.5	0.0	0.0	1.0	0.0	0.0	0.0	0.0	0.0	0.0	0.0
A2O4Q2BDGWN73Q	-1.0	0.0	0.0	1.0	0.0	1.0	0.0	-1.0	0.0	0.0	0.0
A2F738CHD66KOW	0.25	1.0	1.0	0.0	0.0	1.0	0.0	0.0	0.0	0.0	0.0
A1PI3EYSKGK1L6	-1.0	1.0	0.0	0.0	0.0	0.0	0.0	0.0	0.0	0.0	0.0
AZM3UDQWDBICM	1.0	1.0	0.0	0.0	0.0	0.0	0.0	0.0	0.0	0.0	0.0
A1T2VMIY43RTHI	1.0	0.0	0.0	0.0	1.0	0.0	0.0	0.0	0.0	0.0	0.0
A3IPMQ11MHNRUU	1.0	1.0	0.0	0.0	0.0	0.0	0.0	0.0	0.0	0.0	0.0
A14SXXOGFMEFM6	1.0	1.0	0.0	0.0	0.0	0.0	0.0	0.0	0.0	0.0	0.0
A33SPADKX7VM2H	0.0	1.0	0.0	0.0	0.0	0.0	0.0	0.0	0.0	0.0	0.0
ATHQ4TSWIGQAP	-0.333333333333	0.333333333333	0.0	0.0	0.0	1.0	0.0	-1.0	0.0	0.0	0.0
A2XXU0C8CY5N7M	1.0	0.0	0.0	0.0	0.0	0.0	0.0	0.0	0.0	0.0	0.0
A3PN5FA5Z10N83	-0.777777777778	0.0	0.0	0.0	0.0	0.0	0.0	0.0	0.0	0.0	0.0
A3UN57EC5AXY1Z	0.0	1.0	0.0	1.0	0.0	0.0	0.0	0.0	0.0	0.0	0.0
ARHR8DJQSKQOA	1.0	0.0	0.0	0.0	0.0	0.0	0.0	0.0	0.0	0.0	0.0
A298ZDGYSPP6YR	-0.333333333333	-0.333333333333	0.0	0.333333333333	-1.0	-0.5	0.111111111111	0.333333333333	1.0	0.2	0.0
A2OARIBH4WXJTP	1.0	0.0	0.0	0.0	0.0	0.0	0.0	0.0	0.0	0.0	0.0
ABHQC7XW26J5P	-0.866666666667	-0.6	0.0	0.0	1.0	0.0	0.0	0.0	0.0	0.0	0.0
AJ2MVQ01570X9	0.0	1.0	0.0	0.0	0.0	0.0	0.0	0.0	0.0	0.0	0.0
AIMMBX6OPFIF9	1.0	0.0	0.0	0.0	0.0	0.0	0.0	0.0	0.0	0.0	0.0
AYXIDCIGUA037	0.0	1.0	0.0	0.0	0.0	0.0	0.0	0.0	0.0	0.0	0.0
A1XP77IRAJCX5B	-0.5	0.428571428571	1.0	1.0	0.0	1.0	0.0	0.0	0.0	0.0	0.0
A3FRUN0DPOA0BN	0.0	1.0	0.0	0.0	0.0	0.0	0.0	0.0	0.0	0.0	0.0
A1DY4DM16TBFPL	1.0	0.0	0.0	0.0	0.0	0.0	0.0	0.0	0.0	0.0	0.0
A1OBWGLS5LRLT3	-1.0	0.0	0.0	0.0	1.0	0.0	-1.0	1.0	0.0	0.0	0.0
A1JTOUQAD12LQR	0.428571428571	0.0	0.0	0.0	0.0	0.0	0.0	-1.0	0.0	0.0	0.0
A646R8SV0S04Y	-0.866666666667	0.307692307692	0.5	0.909090909091	0.714285714286	0.583333333333	0.8	1.0	1.0	0.8	0.857142857143
A2I64UK6DJ8ZLO	1.0	1.0	0.0	0.0	0.0	0.0	0.0	0.0	0.0	0.0	0.0
A66PALOM1DVOQ	0.0	0.0	0.0	0.0	0.0	1.0	0.0	0.0	0.0	0.0	0.0
A3B0WAEPUCALDC	0.0	0.0	0.0	1.0	0.0	0.0	0.0	0.0	0.0	0.0	0.0
A15A09BRS1Q8W0	0.714285714286	0.818181818182	1.0	1.0	0.0	0.0	0.0	0.0	0.0	0.0	0.0
A2H5FQFR4C014A	-1.0	-1.0	0.0	0.0	0.0	0.0	0.0	0.0	0.0	0.0	0.0
A2XGY1STVP6FVK	-1.0	0.0	0.0	0.0	0.0	0.0	0.0	0.0	0.0	0.0	0.0
A2N701P8CHDKTT	0.0	-0.5	-0.777777777778	0.333333333333	0.0	1.0	-1.0	1.0	0.0	-1.0	1.0
A3QSJY1FFN0N6V	1.0	0.0	0.0	1.0	0.0	0.0	0.0	0.0	1.0	0.0	0.0
A13V36GAF69NYE	-1.0	0.0909090909091	0.0	0.0	0.0	1.0	0.0	-1.0	0.0	0.0	0.0
A19XMRUYE6ILIR	1.0	1.0	0.0	0.0	0.0	0.0	0.0	0.0	0.0	0.0	0.0
A1A7O3TW2O0TPM	0.0	-1.0	0.0	0.0	0.0	0.0	0.0	0.0	0.0	0.0	0.0
A30ZBG4SIBCC2A	-1.0	0.0	0.0	0.0	0.0	0.0	0.0	0.0	0.0	0.0	0.0
AVAQ4AJU45K1U	0.333333333333	0.0	0.0	0.0	0.0	0.0	0.0	0.0	0.0	0.0	0.0
A3LXRZZ3GV0LRD	1.0	1.0	1.0	1.0	0.0	0.0	0.0	0.0	0.0	0.0	0.0
A3JG1P42AS7WKH	-0.619047619048	-0.2	-0.428571428571	0.111111111111	-0.2	-0.2	-0.875	0.2	0.454545454545	0.2	0.2
A136IH5CB0OH6W	1.0	1.0	0.0	0.0	0.0	0.0	0.0	0.0	0.0	0.0	0.0
A8OM015SBLWA2	1.0	0.0	0.0	0.0	0.0	0.0	0.0	0.0	0.0	0.0	0.0
A2YGGVU3OVARQ4	-1.0	0.0	-1.0	1.0	0.5	0.0	-1.0	-1.0	1.0	0.0	1.0
A2LT6KC1X51FVW	-1.0	-0.333333333333	1.0	-1.0	0.0	1.0	-1.0	-1.0	0.0	1.0	-1.0
A2PF17SV72U84G	0.6	1.0	0.0	0.0	0.0	0.0	0.0	0.0	0.0	0.0	0.0
APWXTMJO1I1ST	0.818181818182	0.0	1.0	0.0	0.0	0.0	0.0	0.0	0.0	0.0	0.0
A2HM35CWB7IIFM	1.0	1.0	0.0	0.0	0.0	0.0	0.0	0.0	0.0	0.0	0.0
A2H64NAG24NV7C	-1.0	-1.0	0.0	0.0	0.0	0.0	0.0	0.0	0.0	0.0	0.0
AMBYWO57B2T1B	0.0	1.0	0.0	0.0	0.0	1.0	0.0	0.0	0.0	0.0	0.0
A98C7U6G8QI4H	0.6	0.0	-1.0	0.0	1.0	-1.0	-1.0	1.0	0.0	0.0	0.0
A2F0X4LN9N4O4C	1.0	1.0	0.0	1.0	0.0	-1.0	0.0	0.0	0.0	0.0	0.0
AJ5BWL80V0HW3	0.666666666667	1.0	1.0	0.0	0.0	0.0	0.0	0.0	0.0	0.0	0.0
AF0O0GTIMHTWH	1.0	0.0	0.0	0.0	0.0	0.0	0.0	0.0	0.0	0.0	0.0
A17CH5ARW5YJQ0	-0.5	0.5	0.0	0.0	0.0	0.0	0.0	0.0	0.0	0.0	0.0
AN6WT1D6EQ8V5	0.8	1.0	0.714285714286	0.714285714286	1.0	1.0	1.0	1.0	1.0	1.0	1.0
A3193MI1J3OGLA	0.5	1.0	1.0	0.0	0.0	0.0	0.0	0.0	0.0	0.0	0.0
AD7CUW86FWEKT	-1.0	0.0	0.0	0.0	0.0	0.0	0.0	0.0	0.0	0.0	0.0
A3TN3GQAO61BVB	0.666666666667	-0.6	1.0	0.0	0.0	0.333333333333	0.0	0.0	0.0	0.0	0.0
A38RBBFY4UF47O	-0.8	0.2	0.0	-0.2	0.0	1.0	0.0	0.0	0.0	0.0	0.0
ALOVZW476OXUN	1.0	0.0	0.0	0.0	0.0	-1.0	0.0	0.0	0.0	0.0	0.0
A3NSX46VYD9J49	-0.333333333333	1.0	0.0	0.0	0.0	0.0	0.0	0.0	0.0	0.0	0.0
A1CTJ8UT7SF317	-1.0	-0.333333333333	1.0	0.0	0.0	0.0	0.0	0.0	0.0	0.0	0.0
A65NLFVBHAXJ0	1.0	0.0	0.0	0.0	0.0	0.0	0.0	0.0	0.0	0.0	0.0
A39R17C5NG9TOG	1.0	0.0	0.0	0.0	0.0	0.0	0.0	0.0	0.0	0.0	0.0
A19887HPPXDM09	0.0	0.2	1.0	0.0	0.0	0.0	0.0	0.0	0.0	0.0	0.0
A2NUKIGRRJ89CK	-1.0	-1.0	0.0	0.0	0.0	0.0	0.0	0.0	0.0	0.0	0.0
AZF0WGPL5SL76	-0.684210526316	-0.333333333333	1.0	-1.0	0.0	0.0	0.0	0.0	0.0	0.0	0.0
A1UMCMXL9EX50R	1.0	1.0	0.0	0.0	0.0	0.0	0.0	-1.0	0.0	0.0	0.0
AIJE3GZD2AHHV	1.0	0.0	0.0	0.0	0.0	0.0	0.0	0.0	0.0	0.0	0.0
A1SCPXEIA8EYT5	0.6	0.0	1.0	0.0	-1.0	1.0	0.0	0.0	1.0	0.0	1.0
A20WD8YXVUQCQX	-0.625	-0.333333333333	1.0	0.0	0.0	0.0	0.0	0.0	0.0	0.0	0.0
A1QKX6GY3CFFK	-1.0	0.0	0.0	0.0	0.0	0.0	0.0	0.0	0.0	0.0	0.0
A3OD6DNO17G118	0.0	0.0	0.0	1.0	0.0	0.0	0.0	0.0	0.0	0.0	0.0
A5YWWF994EH1R	1.0	1.0	0.0	0.0	0.0	0.0	0.0	0.0	0.0	0.0	0.0
ARQ9DY4UL4WJ4	-1.0	0.0	0.0	0.0	0.0	0.0	0.0	-1.0	0.0	0.0	0.0
A312FLJ2N14L5V	0.0	1.0	0.0	0.0	0.0	1.0	0.0	0.0	0.0	0.0	0.0
A3C6BPE5UJ9EHR	-0.853658536585	-0.2	-1.0	1.0	-0.333333333333	-0.142857142857	1.0	-1.0	0.0	0.0	1.0
AQ36OBO2GRA00	0.0	0.333333333333	0.0	1.0	0.0	1.0	0.0	0.0	0.0	0.0	0.0
A295RZ1WX44RBH	-0.961538461538	-0.2	-1.0	1.0	0.0	1.0	0.0	0.0	0.0	0.0	0.0
A2QLVGIAKUQOUN	0.0	1.0	0.0	0.0	0.0	0.0	0.0	0.0	0.0	0.0	0.0
A35FHY70T3PL8I	-1.0	1.0	0.0	0.0	0.0	0.0	0.0	0.0	0.0	0.0	0.0
A2U5T9Q7DGNHKF	0.0	1.0	0.0	0.0	0.0	1.0	0.0	0.0	0.0	0.0	0.0
A34JG5YYW98V22	0.0857142857143	0.0909090909091	1.0	0.0	0.0	1.0	0.0	-1.0	0.0	0.0	0.0
A37LY5UTJV2KYZ	-0.473684210526	-0.333333333333	-1.0	-1.0	-1.0	-1.0	-1.0	1.0	1.0	-1.0	-1.0
A2VJZZPAHHKAOW	0.6	-1.0	0.0	0.0	0.0	0.0	0.0	0.0	0.0	0.0	0.0
A11W0929K3TOW3	-1.0	1.0	0.0	1.0	0.0	1.0	0.0	0.0	0.0	0.0	0.0
A3SWVCOJPJM7KQ	-1.0	0.0	0.0	0.0	0.0	0.0	0.0	0.0	0.0	0.0	0.0
AWEPZMK7825JQ	1.0	0.0	0.0	0.0	0.0	0.0	0.0	0.0	0.0	0.0	0.0
APROFW08F7Z34	-0.976744186047	-0.809523809524	-0.666666666667	0.333333333333	0.0	1.0	0.0	0.0	0.0	0.0	0.0
AK30IDAH8Z6Q5	1.0	0.0	0.0	0.0	0.0	0.0	0.0	0.0	0.0	0.0	0.0
A3QS0S6B9P169W	-1.0	-1.0	0.0	0.0	0.0	0.0	0.0	0.0	0.0	0.0	0.0
A3VBS09FLWEOAD	1.0	0.0	0.0	0.0	0.0	0.0	0.0	0.0	0.0	0.0	0.0
A22OZI9XS3B2FZ	-1.0	-1.0	0.0	0.0	0.0	0.0	0.0	0.0	0.0	0.0	0.0
A2CCK1JKX48R0H	-1.0	-0.714285714286	0.0	0.0	0.0	-1.0	-0.75	0.5	1.0	-1.0	0.0
A2URQW1CG9L9XG	1.0	0.0	0.0	0.0	0.0	0.0	0.0	0.0	0.0	0.0	0.0
A3F3YFH9NZYULT	1.0	0.0	0.0	0.0	0.0	0.0	0.0	0.0	0.0	0.0	0.0
A3GM65DMOMZ0WY	-1.0	0.0	1.0	0.0	0.0	0.0	0.0	0.0	0.0	0.0	0.0
A3FP4YWBOZKPKZ	-1.0	1.0	0.0	0.0	0.0	0.0	0.0	0.0	0.0	0.0	0.0
A21753FQKCM5DQ	-0.40206185567	0.35	0.478260869565	-0.2	0.6	0.481481481481	0.2	-0.230769230769	-0.454545454545	0.6	0.857142857143
AMZYIIE52MXZN	-1.0	-1.0	1.0	1.0	-1.0	-1.0	-1.0	-1.0	1.0	0.0	0.0
A1GD3MQELM1R9M	0.0	1.0	0.0	0.0	0.0	0.0	0.0	0.0	0.0	0.0	0.0
AIQ8LGMMG42E4	-1.0	0.0	0.0	0.0	0.0	0.0	0.0	-1.0	0.0	0.0	0.0
A15OBQS0LO4EI1	-1.0	0.0	0.0	1.0	0.0	0.0	-1.0	0.0	0.0	0.0	0.0
A2G8UI423QZYJJ	0.0	1.0	0.0	0.0	0.0	0.0	0.0	0.0	0.0	0.0	0.0
A3T021IZ1409ZH	0.0	0.0	-1.0	0.0	-1.0	0.0	0.0	0.0	-0.333333333333	0.0	0.0
AC7VPTC0JQLWL	1.0	1.0	1.0	0.0	1.0	1.0	0.0	1.0	0.0	0.0	0.0
A1G8EU5EICWIYN	-1.0	-1.0	0.0	1.0	0.0	1.0	0.0	0.0	0.0	0.0	0.0
AT116456PANMW	-0.666666666667	0.0	-1.0	1.0	-1.0	-1.0	-1.0	1.0	-1.0	1.0	1.0
A13JINJ9A5MIKR	1.0	0.0	0.0	0.0	0.0	0.0	0.0	0.0	0.0	0.0	0.0
A3UWM3KJYEL5XU	0.428571428571	-0.5	0.0	0.0	0.0	-1.0	0.0	0.0	0.0	0.0	0.0
A3NQBMDJO1T64F	-1.0	-1.0	0.0	1.0	0.0	0.0	0.0	0.0	0.0	0.0	0.0
A1O856QN2PL7VC	0.0	1.0	0.0	0.0	0.0	0.0	0.0	0.0	0.0	0.0	0.0
A3G3G7SCD88G1J	-1.0	1.0	0.0	0.0	0.0	0.0	0.0	0.0	0.0	0.0	0.0
A73ITJ4GZGQBI	-0.172413793103	1.0	0.8	1.0	-0.272727272727	1.0	1.0	1.0	1.0	1.0	0.0
A1S3PCOMZQ5QQQ	-1.0	0.0	0.0	0.0	0.0	0.0	0.0	0.0	0.0	0.0	0.0
A2DUJEW76T1J8Y	0.0	0.0	0.0	0.0	0.0	1.0	0.0	0.0	0.0	0.0	0.0
A1DX8T0U3UTD0R	1.0	0.0	0.0	1.0	0.0	0.0	0.0	0.0	0.0	0.0	0.0
A1G05E56YKEM10	-1.0	1.0	0.0	0.0	0.0	1.0	0.0	0.0	0.0	0.0	0.0
A3F6SDO4GYBE4Y	-0.5	-0.5	0.0	0.0	0.0	-1.0	0.0	0.0	0.0	0.0	0.0
A20VG7NZ13S29U	0.0	1.0	0.0	0.0	0.0	0.0	0.0	-1.0	0.0	0.0	0.0
A2KCG73A6QCNCW	0.157894736842	1.0	0.0	0.0	-1.0	1.0	0.0	1.0	0.0	0.0	0.0
ACXR9CVS59T23	-0.846153846154	0.333333333333	-1.0	0.0	-1.0	1.0	0.0	-1.0	0.0	0.0	0.0
A2EKR8RZJ75SR9	0.0	1.0	0.0	0.0	0.0	0.0	0.0	0.0	0.0	0.0	0.0
A13F9U9W6VCJLG	0.0	0.0	0.0	0.0	0.0	0.0	0.0	0.0	0.0	0.0	0.0
A2RZNT7MFPG3MQ	0.0	1.0	0.0	0.0	0.0	0.0	0.0	0.0	0.0	0.0	0.0
A1HE4A2XG9F9BF	0.0	1.0	0.0	0.0	0.0	0.0	0.0	0.0	0.0	0.0	0.0
A368N9ZE014STJ	1.0	1.0	0.0	1.0	0.0	0.0	0.0	0.0	0.0	0.0	0.0
A3V2XCDF45VN9X	-1.0	0.0	0.0	1.0	0.0	1.0	0.0	0.0	0.0	0.0	0.0
AMJAP6BGF5LVM	-0.703703703704	-0.714285714286	-0.714285714286	-1.0	0.0	0.0	0.0	0.0	0.0	0.0	0.0
A4ITJB4ISUQ9N	0.0	1.0	0.0	0.0	0.0	0.0	0.0	0.0	0.0	0.0	0.0
A3FKV60NWC2EQ0	0.5	0.0	1.0	0.0	0.0	0.0	0.0	-1.0	0.0	0.0	0.0
A18TXM6GMU1411	-0.660377358491	-0.666666666667	0.2	0.0	1.0	0.0	0.0	-1.0	0.0	0.0	0.0
A2T5TKB5P9UQSF	-1.0	0.0	0.0	0.0	0.0	0.0	0.0	0.0	0.0	0.0	0.0
A3RYH6OUH7BJ4Z	-0.692307692308	0.0	1.0	0.0	0.0	0.0	0.0	0.0	0.0	0.0	0.0
A359L0HU2ATH6I	0.75	-1.0	0.0	0.0	0.0	0.0	0.0	0.0	0.0	0.0	0.0
A2FY1GL04ZI859	-1.0	0.0	0.0	0.0	0.0	0.0	0.0	-1.0	0.0	0.0	0.0
A2VWG0L5JHOBWN	0.5	0.333333333333	0.8	0.777777777778	0.0	1.0	0.2	0.0	1.0	1.0	-0.666666666667
A3JJXEVEPU8V9J	-0.231707317073	-0.828571428571	0.846153846154	-0.6	-1.0	0.0	0.0	-1.0	0.0	0.0	0.0
A3DM17YA8DE8R5	1.0	0.0	0.0	0.0	0.0	0.0	0.0	0.0	0.0	0.0	0.0
A38JGCZ8N68TGD	1.0	0.0	1.0	0.0	0.0	0.0	0.0	0.0	0.0	0.0	0.0
A2Y0SIZH81B265	0.0	0.0	0.0	0.0	0.0	0.0	0.0	0.0	0.0	0.0	0.0
A1B9Y0HDINSM1H	-1.0	-1.0	0.0	0.0	0.0	0.0	0.0	0.0	0.0	0.0	0.0
A2IW3WDQCUOMWU	-1.0	0.0	1.0	-0.333333333333	-1.0	-0.333333333333	-1.0	0.333333333333	0.333333333333	-1.0	0.0
AAOTQL1SCAC03	1.0	1.0	1.0	0.0	0.0	0.0	0.0	0.0	0.0	0.0	0.0
A194E79BDFEZIU	0.0	0.0	0.0	1.0	0.0	0.0	0.0	0.0	0.0	0.0	0.0
A3QKXMXDEWMHGN	1.0	1.0	0.0	0.0	0.0	1.0	0.0	0.0	0.0	0.0	0.0
A2LJAWY0LUIMN1	0.232323232323	-0.2	0.166666666667	1.0	-1.0	0.0	0.0	0.0	0.0	0.0	0.0
A36F8IGSCR2N5N	1.0	1.0	1.0	0.0	0.0	0.0	0.0	0.0	0.0	0.0	0.0
AC5LU9TF9CTK9	-0.833333333333	-0.5	0.0	0.0	-0.333333333333	0.0	-1.0	-1.0	0.0	0.0	0.0
AC25X12LNYY6Y	-1.0	-1.0	0.0	0.0	0.0	0.0	0.0	0.0	0.0	0.0	0.0
A2KPT0PEUEXCC4	-1.0	0.0	0.0	0.0	0.0	0.0	-0.333333333333	0.0	0.0	1.0	0.0
A2IYAOQ0BY5EYD	-0.544827586207	-0.931034482759	-1.0	-0.333333333333	0.0	0.0	0.0	1.0	0.0	0.0	0.0
A2WG4UUY0J0YJQ	1.0	0.0	0.0	0.0	0.0	0.0	0.0	0.0	0.0	0.0	0.0
A1A2PYJ7XUSTM0	0.0	1.0	0.0	1.0	0.0	0.0	0.0	0.0	0.0	0.0	0.0
AA8NS0HGQX7K7	-1.0	0.0	0.0	0.0	0.0	0.0	0.0	0.0	0.0	0.0	0.0
A37QW51L039KKQ	-1.0	-1.0	0.0	0.0	-1.0	0.0	0.0	0.0	0.0	0.0	0.0
A3VIRYIGUMADFS	1.0	-1.0	1.0	0.0	0.0	0.0	0.0	0.0	0.0	0.0	0.0
AO4ZHD0B9KUNE	-1.0	-1.0	0.0	0.0	0.0	0.0	0.0	0.0	0.0	0.0	0.0
A3O81LHBBI8NPK	-0.75	-0.454545454545	0.333333333333	-0.5	-0.454545454545	0.230769230769	-0.454545454545	-0.294117647059	0.8	0.333333333333	-0.2
A1OGJ58N1MZVS6	0.0	0.0	0.0	0.0	0.0	0.0	0.0	-1.0	0.0	0.0	0.0
A150Q29JQZOY3V	1.0	1.0	1.0	0.0	0.0	0.0	0.0	0.0	0.0	0.0	0.0
A2BXU0KC2VAURK	1.0	0.0	0.0	0.0	0.0	0.0	0.0	0.0	0.0	0.0	0.0
A16CKTIFQYNGP6	-1.0	0.0	0.0	0.0	0.0	0.0	0.0	0.0	0.0	0.0	0.0
A25ZDX7L2NZ4X8	0.2	-1.0	1.0	0.0	0.0	0.0	0.0	0.0	0.0	0.0	0.0
A1434R69YV3Y3I	-1.0	0.0	0.0	0.0	0.0	0.0	0.0	0.0	0.0	0.0	0.0
A1LZWU72K42V92	0.707317073171	0.571428571429	0.75	0.714285714286	0.6	1.0	0.555555555556	0.0	0.555555555556	0.0	0.5
A11N2H7QSSS8VU	-1.0	1.0	0.0	0.0	0.0	0.0	0.0	0.0	0.0	0.0	0.0
A3TGXARHDRR7JQ	1.0	0.0	1.0	0.0	0.0	0.0	0.0	1.0	0.0	0.0	0.0
A3FSI6EIB1M6YR	1.0	1.0	1.0	1.0	0.0	0.0	0.0	0.0	0.0	0.0	0.0
AXMPSUNKUBEIL	-1.0	-1.0	1.0	0.0	0.0	-1.0	0.0	0.0	-1.0	0.0	0.0
AL68OHYF5ADBV	1.0	0.0	0.0	1.0	0.0	0.0	0.0	0.0	0.0	0.0	0.0
A3JFM7PRPF0G5H	0.0	0.0	0.0	0.0	0.0	1.0	0.0	0.0	0.0	0.0	0.0
A2T5CROJ0FWIJY	-1.0	0.0	0.0	0.0	0.0	0.0	0.0	0.0	1.0	0.0	1.0
A3QXS3HZUA974I	-1.0	0.0	0.0	1.0	0.0	0.0	0.0	0.0	0.0	0.0	0.0
A35Z1QH3JQEZG6	-0.238095238095	0.0909090909091	-1.0	1.0	0.0	0.0	0.0	0.0	0.0	0.0	0.0
A218YWVR9N1H58	0.0	1.0	0.0	0.0	0.0	0.0	0.0	0.0	0.0	0.0	0.0
A4J4GGMKJ68L0	-1.0	-0.6	1.0	0.52	0.515151515152	0.714285714286	-0.4	-0.666666666667	1.0	1.0	1.0
A11ZTQS8VDEJK0	1.0	-0.333333333333	1.0	0.0	0.0	0.0	0.0	0.0	0.0	0.0	0.0
AVXEDARJC5HLU	-1.0	-1.0	0.0	0.0	0.0	0.0	0.0	-1.0	0.0	0.0	0.0
AW594VW6N2S3L	0.0	0.0	0.0	1.0	0.0	0.0	0.0	0.0	0.0	0.0	0.0
A2U5NZGACGXW56	-0.333333333333	0.0	0.0	0.0	0.0	1.0	0.0	0.0	0.0	0.0	0.0
AVC62JNYAXA45	-0.333333333333	0.0	0.0	0.0	0.0	0.0	0.0	0.0	0.0	0.0	0.0
AMUTMRVKAYWUL	0.454545454545	0.6	0.0	0.0	0.0	0.0	0.0	0.0	0.0	0.0	0.0
A119DDDRWS9UI6	-0.4	0.0	0.6	-1.0	0.0	0.0	0.0	0.0	0.0	0.0	0.0
A1PJLZSOUQ4MIL	-0.6	-0.666666666667	-1.0	1.0	-1.0	-1.0	-0.25	-1.0	0.333333333333	-1.0	1.0
A1KF05U5IO9AFG	-0.963636363636	-1.0	0.2	-1.0	0.0	0.0	0.0	0.0	0.0	0.0	0.0
A2PNTNA248L5DW	-1.0	0.0	0.0	0.0	0.0	0.0	0.0	0.0	0.0	0.0	0.0
A2LFZPPWRA1JHH	0.6	1.0	0.0	-1.0	0.0	1.0	0.0	0.0	0.0	0.0	0.0
ARW9FUJEFKGD0	1.0	0.0	0.0	0.0	0.0	0.0	0.0	0.0	0.0	0.0	0.0
AS9E0S6DBSWH7	-1.0	0.0	-1.0	0.0	-1.0	0.0	0.0	1.0	-0.333333333333	-1.0	-1.0
A14HW8I4RYHNC4	1.0	1.0	1.0	1.0	1.0	1.0	0.333333333333	1.0	1.0	-1.0	1.0
AR7DGMRC1N0AV	-0.301587301587	0.0	0.68	1.0	0.636363636364	0.0	0.0909090909091	0.0909090909091	-0.2	1.0	1.0
A38EHOL0U2BTV0	-0.6	-0.75	-1.0	-1.0	0.0	-0.5	-1.0	0.5	-0.6	-0.111111111111	0.0
A98IRKK6GKERP	-1.0	0.0	0.0	0.0	0.0	0.0	0.0	0.0	0.0	0.0	0.0
A1F63RK1PMJS5Y	-0.52380952381	-0.2	1.0	0.0	1.0	0.2	0.0	-0.428571428571	0.0	0.0	0.0
AAXYYH9MI3PJM	-0.24347826087	-0.914893617021	0.777777777778	0.6	0.0	-1.0	1.0	-1.0	0.0	0.0	0.0
A2ENYOW9BFZWZ8	0.882352941176	0.111111111111	1.0	0.75	1.0	1.0	-0.142857142857	-0.333333333333	1.0	1.0	-1.0
A32H4C4WPLE2L	0.0	0.333333333333	0.0	0.0	0.0	0.0	0.0	1.0	0.0	0.0	0.0
A1MHGD46DB5Z7H	-0.567567567568	0.111111111111	0.333333333333	0.0	-1.0	0.0	0.0	-1.0	0.0	0.0	0.0
A2WPDVXKLZRD78	1.0	0.0	0.0	0.0	0.0	0.0	0.0	0.0	0.0	0.0	0.0
A1QR6I7UPY8XQJ	-1.0	0.0	0.0	0.0	0.0	1.0	0.0	0.0	0.0	0.0	0.0
A3LCH040UQ4JLM	1.0	0.0	0.0	0.0	0.0	0.0	0.0	0.0	0.0	0.0	0.0
AF1QPWBGFOOA8	-1.0	0.0	0.0	-1.0	0.0	0.0	0.0	0.0	0.0	0.0	0.0
A3Q9PT0RP133GV	0.0	0.0	-1.0	0.0	0.0	0.0	0.0	0.0	0.0	0.0	0.0
A3JGIPEXOZ0ZY6	-0.333333333333	0.0	0.0	0.0	0.0	0.0	0.0	0.0	0.0	0.0	0.0
A2S26VBZW2LB5B	-1.0	1.0	0.0	0.0	0.0	0.0	0.0	0.0	0.0	0.0	0.0
A17DZP7SI14EA2	0.555555555556	0.0	1.0	0.0	0.0	0.0	0.0	0.0	0.0	0.0	0.0
A1YKURJBPE81KR	0.0	1.0	0.0	0.0	0.0	0.0	0.0	0.0	0.0	0.0	0.0
AALHA10KJZX0O	1.0	1.0	1.0	0.0	0.0	0.0	0.0	0.0	0.0	0.0	0.0
A25GWJDNTW3D48	-1.0	0.0	0.0	0.0	0.0	-1.0	0.0	0.0	0.0	0.0	0.0
AIUKV0KVALMY6	1.0	1.0	1.0	0.0	0.0	1.0	0.0	0.0	0.0	0.0	0.0
A7GC7HT9VLRZE	-1.0	0.0	0.0	0.0	0.0	0.0	0.0	0.0	0.0	0.0	0.0
A2RWYKSCTPWP1A	0.0	0.0	0.0	0.0	0.0	1.0	0.0	0.0	0.0	0.0	0.0
A2OCP3UDPBH0ME	0.720930232558	1.0	-0.5	1.0	0.0	1.0	0.0	0.0	0.0	0.0	0.0
ACK6EXCD91X2	0.0	-1.0	0.0	0.0	0.0	0.0	0.0	0.0	0.0	0.0	0.0
A2SV243JDONKOA	0.5	1.0	0.0	1.0	0.0	1.0	0.0	0.0	0.0	0.0	0.0
AP6FR5CEIV606	0.0	-1.0	0.0	0.0	0.0	0.0	0.0	0.0	0.0	0.0	0.0
A186CM5SYWP10Y	-0.2	0.0	0.0	0.0	0.0	0.0	0.0	0.0	0.0	0.0	0.0
A1SE65F2EN67HH	-1.0	1.0	1.0	0.0	-1.0	1.0	0.0	0.0	0.0	0.0	0.0
A2ML40J7NKUQ5D	-0.739130434783	-0.5	1.0	0.0	-1.0	-1.0	1.0	0.2	0.0	0.0	0.0
A3SKQVTDNNK58B	-0.166666666667	0.5	1.0	1.0	0.0	0.0	0.0	0.0	0.0	0.0	0.0
AN1H7SQKQSWS3	0.575757575758	-1.0	1.0	0.0	0.0	0.0	0.0	0.0	0.0	0.0	0.0
A2T8XWDGOGHMN4	1.0	0.0	0.0	0.0	0.0	0.0	0.0	0.0	0.0	0.0	0.0
A33OQJ5NRKXQU3	0.0	1.0	0.0	0.0	0.0	0.0	0.0	0.0	0.0	0.0	0.0
A3HLCR4YCHJWBI	0.939393939394	1.0	0.925925925926	1.0	0.913043478261	0.714285714286	1.0	1.0	1.0	1.0	1.0
A1CUTEZJIWM0UU	-0.72972972973	0.166666666667	-0.142857142857	1.0	0.636363636364	0.454545454545	0.333333333333	0.0	1.0	-0.25	-1.0
A3LI0O659I8GFX	0.0	0.0	0.0	1.0	0.0	1.0	1.0	1.0	0.0	1.0	0.0
AST33WVZ5QC05	-1.0	-0.2	-1.0	0.0	0.0	0.0	0.0	0.0	0.0	0.0	0.0
A2ZU1P6UYE1UBU	0.578947368421	-1.0	-1.0	0.0	0.0	0.0	0.0	0.0	0.0	0.0	0.0
A32CMQGGTSUK6Z	1.0	1.0	1.0	1.0	1.0	1.0	-1.0	1.0	1.0	1.0	1.0
AKOKJ8MD6ZY5E	1.0	1.0	0.0	1.0	0.0	1.0	0.0	0.0	0.0	0.0	0.0
A3I5PTITGTFEBW	1.0	1.0	0.0	0.0	0.0	0.0	0.0	0.0	0.0	0.0	0.0
A1KYU9K4XQFX5D	1.0	1.0	0.0	0.0	0.0	0.0	0.0	1.0	0.0	0.0	0.0
A3UNA1HAW38K3Z	0.0	1.0	0.0	0.0	0.0	1.0	0.0	0.0	0.0	0.0	0.0
A3I3QFIVJZ631	-1.0	-1.0	0.0	1.0	0.0	0.0	0.0	0.0	0.0	0.0	0.0
A6VQAFNKCFVS7	0.0	0.0	0.0	0.0	0.0	0.0	0.0	0.0	0.0	0.0	0.0
A340DZFTU1OSQQ	0.815789473684	1.0	0.875	0.833333333333	1.0	0.933333333333	1.0	1.0	0.809523809524	1.0	1.0
AVZ76FUE8VET9	0.75	1.0	1.0	1.0	0.0	0.0	0.0	0.0	0.0	0.0	0.0
A1I0W3CT6R2DMV	-0.733333333333	-0.5	-1.0	0.5	-0.333333333333	-0.2	0.428571428571	0.5	0.714285714286	1.0	0.0
A1Z0KWYFMFVJ3J	-1.0	0.0	0.0	0.0	0.0	0.0	0.0	0.0	0.0	0.0	0.0
A3G00Q5JV2BE5G	0.766666666667	0.172413793103	1.0	0.837837837838	0.767441860465	0.828571428571	0.677419354839	0.714285714286	0.818181818182	0.8	1.0
A2OSXOVZ51O6E7	0.0	-1.0	0.0	0.0	0.0	0.0	0.0	0.0	0.0	0.0	0.0
A3DA07L58SV6EH	1.0	1.0	0.0	0.0	0.0	0.0	0.0	0.0	0.0	0.0	0.0
A7Z37A0OPT9HX	0.0	0.0	0.0	1.0	0.0	1.0	0.0	0.0	0.0	0.0	0.0
A3EYP65V7ADYH6	0.0	1.0	0.0	0.0	0.0	0.0	0.0	0.0	0.0	0.0	0.0
A7D960FUPSI75	1.0	1.0	0.0	0.0	0.0	0.0	0.0	0.0	0.0	0.0	0.0
A3BMEVFSETVOUR	-1.0	0.0	0.0	0.0	0.0	0.0	0.0	0.0	0.0	0.0	0.0
A2QQKVIN9R45N6	0.285714285714	0.5	0.0	0.0	0.0	1.0	0.0	0.0	0.0	0.0	0.0
A35FSDITJLGRC7	1.0	0.0	0.0	0.0	0.0	0.0	0.0	0.0	0.0	0.0	0.0
ADDZC3QY00IEK	1.0	1.0	0.0	1.0	0.0	0.0	0.0	0.0	0.0	0.0	0.0
A24A5JN2NMRESK	0.0	1.0	0.0	0.0	0.0	1.0	0.0	0.0	0.0	0.0	0.0
AQL98174U37EF	1.0	-1.0	0.0	0.0	0.0	0.0	0.0	0.0	0.0	0.0	0.0
A1ANSYNB40OKHX	0.0	-1.0	1.0	0.0	0.0	0.0	0.0	0.0	0.0	0.0	0.0
A1R4DA1TBLPM96	0.0	1.0	0.0	0.0	0.0	1.0	0.0	0.0	0.0	0.0	0.0
A70L26UXLTGLC	0.0	1.0	0.0	0.0	0.0	0.0	0.0	0.0	0.0	0.0	0.0
A1421I54656YSD	-1.0	-0.333333333333	-0.5	-1.0	-0.333333333333	-0.333333333333	-0.714285714286	1.0	0.666666666667	-1.0	0.0
A2OS0VCSQLU3HE	-1.0	0.111111111111	0.0	1.0	0.0	1.0	0.0	-1.0	0.0	0.0	0.0
A2Y8UVZ5AGXE6C	1.0	0.0	0.0	0.0	0.0	0.0	0.0	0.0	0.0	0.0	0.0
A3F85GUETBBT8C	-1.0	0.0	0.0	0.0	0.0	0.0	0.0	0.0	0.0	0.0	0.0
A2W8PRUWAN6KVP	-0.857142857143	-1.0	0.0	1.0	0.0	0.0	0.0	0.0	0.0	0.0	0.0
A2O4BMT4182ER5	0.0	1.0	0.0	0.0	0.0	0.0	0.0	0.0	0.0	0.0	0.0
A2FW5R5L3JTW9A	0.0	-1.0	0.0	0.0	0.0	0.0	0.0	0.0	0.0	0.0	0.0
A16G716K9428HM	1.0	0.0	0.0	0.0	0.0	0.0	0.0	0.0	0.0	0.0	0.0
A1Z7WT01G55LDC	0.0	0.0	0.0	0.0	-1.0	0.0	0.0	0.0	0.0	0.0	0.0
A1C0KXCNGQ1PMR	0.5	-0.5	0.0	0.0	0.0	1.0	0.0	0.0	0.0	0.0	0.0
A1XLSHGIE8DRF0	0.5	1.0	0.0	0.0	0.0	0.0	0.0	0.0	0.0	0.0	0.0
A3GK90X2QOFR53	-0.724137931034	-0.428571428571	0.794871794872	0.724137931034	0.357142857143	0.8	-0.142857142857	-0.666666666667	0.714285714286	0.111111111111	-0.764705882353
A56E6Z0KH4WGZ	-0.0588235294118	0.0	0.0	1.0	0.0	0.0	0.0	0.0	0.0	0.0	0.0
A3KCUB6P3IE8NL	0.454545454545	0.0	0.0	0.0	-1.0	0.0	-1.0	0.0	0.0	0.0	1.0
AD8ZUKPJT9E6	0.0	0.0	1.0	0.0	-1.0	0.0	0.0	0.0	0.0	0.0	0.0
AL49DDQNUF01M	-0.741935483871	-0.6	0.111111111111	-0.428571428571	0.0	1.0	0.0	1.0	0.0	0.0	0.0
A2JZQHB8N6LS7T	0.0	0.0	-1.0	0.0	0.0	0.0	0.0	0.0	0.0	0.0	0.0
A1845VY68OGOOM	1.0	0.0	0.0	0.0	0.0	0.0	0.0	0.0	0.0	0.0	0.0
A1GXPNXDLMT0QB	-1.0	-0.142857142857	0.0	0.0	0.0	-1.0	0.111111111111	0.5	1.0	0.714285714286	-1.0
AIYGT8I9PZ9CC	0.0	-1.0	0.0	0.0	0.0	0.0	0.0	0.0	0.0	0.0	0.0
AJ55TUGSGBZNU	1.0	1.0	0.0	0.0	0.0	1.0	0.0	1.0	0.0	0.0	0.0
A2GZ3CR4Z02IA4	0.833333333333	1.0	0.0	1.0	0.0	1.0	0.0	0.0	0.0	0.0	0.0
A29VL3MZE7YPBZ	-0.962264150943	-1.0	-1.0	-1.0	-1.0	-1.0	-1.0	-1.0	-1.0	-1.0	-1.0
A335YICZ3FDA9J	0.0697674418605	-0.8	1.0	0.0	0.0	0.0	0.0	0.0	0.0	0.0	0.0
A3VID10OBZ6FUG	-0.428571428571	0.0	-1.0	0.0	0.0	-1.0	0.0	0.0	0.0	0.0	0.0
A38OOGMA0M6KFC	0.0	0.0	0.0	0.0	0.0	-1.0	0.0	0.0	0.0	0.0	0.0
A2SG52VOQKJL2P	1.0	0.0	1.0	1.0	-1.0	1.0	0.0	0.0	0.0	0.0	0.0
A3VPLI0RYL3Y3O	-1.0	1.0	0.0	1.0	0.0	0.0	0.0	0.0	0.0	0.0	0.0
A1CD4W0F9NGGLK	0.0	1.0	0.0	0.0	0.0	0.0	0.0	0.0	0.0	0.0	0.0
A18WRW8BXFJT7U	0.0	0.0	0.0	0.0	0.0	0.0	0.0	0.0	-1.0	0.0	0.0
A3GM27YVNOYZIW	-0.272727272727	0.0	0.0	0.0	0.0	0.0	0.0	-1.0	0.0	0.0	0.0
A3HNZ3N2UHONVN	0.0	0.0	0.0	0.0	-1.0	0.0	0.0	0.0	0.0	0.0	0.0
A2RXN5IRWSKIBX	0.0	1.0	0.0	0.0	0.0	0.0	0.0	0.0	0.0	0.0	0.0
A37TAB2GX3SFFO	-0.142857142857	-1.0	0.0	0.0	0.0	0.0	0.0	0.0	0.0	0.0	0.0
A3IQ6IQ28UDT6Z	0.0	0.0	0.0	0.0	0.0	-1.0	0.0	0.0	0.0	0.0	0.0
AHGFPIXGXJ0AQ	1.0	1.0	0.0	0.0	0.0	0.0	0.0	0.0	0.0	0.0	0.0
AEKXI4RVWHFIU	0.0	1.0	0.0	0.0	0.0	0.0	0.0	0.0	0.0	0.0	0.0
A2KD1OZMH8ERI7	-0.2	1.0	1.0	1.0	0.25	1.0	0.0	1.0	1.0	1.0	1.0
AOV4U0YLQ2L4X	0.0	1.0	0.0	0.0	0.0	0.0	0.0	0.0	0.0	0.0	0.0
A3UMKT8RU5J7DJ	-0.428571428571	1.0	-1.0	0.0	0.0	0.0	0.0	0.0	0.0	0.0	0.0
A24O6UEHBOEYLE	-0.714285714286	0.166666666667	0.0	-0.2	0.0	-0.333333333333	0.0	0.0	0.0	0.0	0.0
A6IVYRP8FAIS	-0.0977443609023	-0.117647058824	1.0	1.0	0.0	0.0	0.0	-1.0	0.0	0.0	0.0
ANMGOZ451W9ZN	-1.0	0.333333333333	0.0	0.0	0.0	1.0	0.0	0.0	0.0	0.0	0.0
A2D0XTJ0PI40QY	0.0	1.0	0.0	0.0	1.0	0.0	0.333333333333	0.0	0.0	0.0	0.0
AK46ZNEC6R89C	0.2	-1.0	1.0	0.0	0.0	0.0	0.0	0.0	0.0	0.0	0.0
A3C7SA7ADVLG3W	0.365079365079	0.666666666667	0.6	0.0	1.0	0.0	0.0	0.0	0.0	0.0	0.0
ATF6B3JPSDHBV	0.0	0.0	0.0	-1.0	0.0	1.0	0.0	0.0	0.0	0.0	0.0
A2DWQF4ZHHBLOW	0.405405405405	0.25	-1.0	1.0	-1.0	0.0	0.5	1.0	1.0	0.0	-0.333333333333
AL3UGBNTPA0I7	-1.0	0.0	-1.0	0.0	0.0	-1.0	0.0	0.0	0.0	0.0	0.0
A3NCABZJ3X7HT3	-1.0	0.0	0.0	0.0	0.0	0.0	0.0	0.0	0.0	0.0	0.0
A367LM2QEQRPPB	-1.0	0.0	0.0	1.0	0.0	0.0	0.0	0.0	0.0	0.0	0.0
A1BQEQF6HBD4OZ	-1.0	0.0	-1.0	0.0	0.0	0.0	0.0	0.0	0.0	0.0	0.0
A198SS8SV0LWKB	-1.0	0.0	0.0	0.0	-1.0	0.0	0.0	0.0	0.0	0.0	0.0
A1K9WP8Q74E9G2	1.0	1.0	0.0	0.0	0.0	1.0	0.0	0.0	0.0	0.0	0.0
A26RDF1I330AC8	0.0	1.0	0.0	0.0	0.0	0.0	0.0	0.0	0.0	0.0	0.0
A2X19WQ6ZDDVY4	-0.636363636364	0.6	0.0	0.0	0.0	1.0	0.0	-1.0	0.0	0.0	0.0
A2BFGW39G2ZPTV	1.0	0.0	0.0	0.0	0.0	0.0	0.0	0.0	0.0	0.0	0.0
ALGL826MO4BKZ	0.939393939394	-0.6	-1.0	1.0	0.0	0.0	0.0	0.0	0.0	0.0	0.0
A1RL8TKX352T7I	-1.0	0.0	0.0	0.0	0.0	0.0	0.0	0.0	0.0	0.0	0.0
A112T91FTSCI48	0.0	-1.0	0.0	0.0	0.0	0.0	0.0	0.0	0.0	0.0	0.0
A3AJR1PM02424Y	0.823529411765	0.833333333333	-1.0	1.0	0.0	0.0	0.0	0.0	0.0	0.0	0.0
A1TH8X83SGT5ZE	-0.257142857143	0.7	1.0	1.0	0.272727272727	1.0	0.0	1.0	1.0	1.0	1.0
A1VF3WAZ8YS8K2	1.0	0.0	0.0	0.0	0.0	0.0	0.0	0.0	0.0	0.0	0.0
AP1C3ZE41AMH1	-0.555555555556	-0.555555555556	0.0	0.0	0.0	0.0	0.0	0.0	0.0	0.0	0.0
ALH8XXHIKG4UA	0.0	0.0	0.0	0.0	0.0	-1.0	0.0	0.0	0.0	0.0	0.0
A2F79GFUWU5O96	0.0909090909091	0.5	0.0	0.0	-1.0	1.0	0.0	0.0	0.0	0.0	0.0
AZYL4DXPS3AK4	-1.0	-1.0	0.0	0.0	0.0	0.0	0.0	0.0	0.0	0.0	0.0
A1BI7SPDU7FS1X	0.111111111111	0.0	-1.0	0.0	0.0	0.0	0.0	0.0	0.0	0.0	0.0
AJO2133L1DS31	-1.0	0.0	0.0	0.0	0.0	1.0	0.0	0.0	0.0	0.0	0.0
A36MWKJ63ZPN4C	0.0	1.0	0.0	0.0	0.0	0.0	0.0	0.0	0.0	0.0	0.0
A391YPR0NFTCLK	-1.0	1.0	0.0	0.0	0.0	0.0	0.0	0.0	0.0	0.0	0.0
A1YG4ZN78HHICE	1.0	0.0	0.0	0.0	0.0	0.0	0.0	0.0	0.0	0.0	0.0
A1BY04BWSZTFGX	0.0	0.0	0.0	0.0	0.0	0.0	0.0	1.0	0.0	0.0	0.0
A3E4ZJU8TC8VYO	1.0	0.0	0.0	0.0	0.0	0.0	0.0	0.0	0.0	0.0	0.0
A3DJSZ7KSUZRV0	-0.846153846154	-1.0	-1.0	0.0	-1.0	0.0	0.0	-1.0	0.0	0.0	0.0
AN7F24ZJB2C37	-0.0909090909091	0.0	0.0	0.0	0.0	0.0	0.0	0.0	0.0	0.0	0.0
A1QD0XE25CXJ2A	-1.0	-0.6	0.0	0.0	-1.0	0.0	0.0	-1.0	0.0	0.0	0.0
A1CGUFW3R6M234	1.0	1.0	1.0	1.0	1.0	0.0	0.0	1.0	0.0	0.0	0.0
A1IAK1JCYVR3R5	0.75	0.5	0.0	1.0	0.0	0.0	0.0	0.0	0.0	0.0	0.0
A3AL0913KO5WU1	1.0	1.0	0.0	0.0	0.0	1.0	0.0	0.0	0.0	0.0	0.0
AVX3SWFMBEPMZ	-0.745454545455	-0.0666666666667	0.906976744186	0.916666666667	0.4375	1.0	-0.2	0.333333333333	0.6	1.0	1.0
A2EP6C76U8PHMY	1.0	1.0	0.0	1.0	0.0	1.0	0.0	0.0	0.0	0.0	0.0
A1KX496A3GINRN	-0.245283018868	-0.375	1.0	1.0	-1.0	0.0	0.0	-1.0	0.0	0.0	0.0
A2TF8IP4PM7KAO	-0.421052631579	-1.0	-1.0	0.0	0.0	0.0	0.0	-1.0	0.0	0.0	0.0
A25ZADCJI3D5AF	1.0	0.0	0.0	0.0	0.0	0.0	0.0	0.0	0.0	0.0	0.0
A3OMEJL7W7SRCU	1.0	0.5	0.0	0.0	0.0	1.0	0.0	0.0	0.0	0.0	0.0
A240ZZK5NVX3Z5	-0.333333333333	0.333333333333	0.0	1.0	0.0	-1.0	0.0	0.0	0.0	0.0	0.0
A29JDEHW192FQY	0.333333333333	1.0	0.0	0.0	0.0	0.0	0.0	0.0	0.0	0.0	0.0
A1TUTMKS3EDJMJ	-1.0	0.0	0.0	0.0	0.0	0.0	0.0	0.0	0.0	0.0	0.0
A12TIM3OYMOVWT	0.0	0.0	0.0	0.0	0.0	0.0	0.0	0.0	0.0	0.0	0.0
A24WQPX0B1A05J	-0.4	-1.0	-1.0	1.0	0.0	0.0	0.0	-1.0	0.0	0.0	0.0
A63759KWVJ94F	0.666666666667	0.0	0.0	0.0	0.0	0.0	0.0	0.0	0.0	0.0	0.0
A1815O0GXEZUC	0.0	-1.0	0.0	0.0	0.0	0.0	0.0	0.0	0.0	0.0	0.0
A25FURVQSRD3BH	0.0	-1.0	0.0	0.0	0.0	0.0	0.0	0.0	0.0	0.0	0.0
A3OQAXU3STYCI9	-0.36	1.0	0.777777777778	1.0	0.9	1.0	1.0	1.0	1.0	1.0	0.777777777778
A2QQFGD7K7AHK8	0.2	-1.0	0.0	0.0	1.0	-1.0	-1.0	1.0	1.0	1.0	0.0
A1GZXAJPSLK81K	1.0	0.0	0.0	0.0	0.0	0.0	0.0	0.0	0.0	0.0	0.0
A1159C6RKPZURE	1.0	1.0	0.0	0.0	0.0	0.0	0.0	0.0	0.0	0.0	0.0
A3DUF8CP7ZMVAL	0.0	1.0	0.0	0.0	0.0	0.0	0.0	0.0	0.0	0.0	0.0
A2AQMDKQTAYMVS	-1.0	0.333333333333	-1.0	-0.555555555556	-1.0	-0.5	-1.0	1.0	0.25	1.0	0.333333333333
A31FLXZMDXZTB2	-0.466666666667	0.0	0.0	0.0	-1.0	0.0	0.0	0.0	0.0	0.0	0.0
AZGV0WGL7XMX7	0.333333333333	0.0	0.0	0.0	0.0	0.0	0.0	0.0	0.0	0.0	0.0
A159KOV1KTDC96	-1.0	0.0	0.0	0.0	0.0	0.0	0.0	0.0	0.0	0.0	0.0
A2R2L2GA314OEI	0.0	0.0	0.0	0.0	-1.0	0.0	-1.0	0.0	0.0	0.0	0.0
A3G0T5Y7OSC76S	-0.944444444444	-1.0	-0.6	-0.8	-1.0	-1.0	-1.0	-1.0	-1.0	-1.0	-1.0
A1IA4CST74I1Q8	-0.75	-0.733333333333	0.571428571429	0.666666666667	0.0909090909091	0.904761904762	0.0	-0.666666666667	0.0909090909091	1.0	0.857142857143
A20NZW7XGZNOCC	0.777777777778	-0.4	1.0	1.0	0.0	0.0	0.0	0.0	0.0	0.0	0.0
A36VA1TSX3RYED	-0.111111111111	0.0	0.0	0.0	0.0	0.0	0.0	-1.0	0.0	0.0	0.0
AHAGAJVAB6HNM	-1.0	0.0	0.0	0.0	0.0	0.0	0.0	0.0	0.0	0.0	0.0
A1IC7ELNKUWYC3	-1.0	1.0	0.0	1.0	0.0	1.0	0.0	0.0	0.0	0.0	0.0
A30LWF91IUAVSO	0.0	0.0	0.0	0.0	0.0	0.0	0.0	-1.0	0.0	0.0	0.0
A2BWKYSDNXDFI5	-1.0	0.0	0.0	0.0	0.0	0.0	0.0	0.0	0.0	0.0	0.0
A2AITWAK7G1OLP	1.0	1.0	0.0	0.0	0.0	0.0	0.0	0.0	0.0	0.0	0.0
A2SMPFCZDRQG0R	0.384615384615	0.2	1.0	1.0	0.0	0.0	0.0	0.0	0.0	0.0	0.0
A34DWBBWZRLO1X	-1.0	-0.333333333333	0.0	0.0	0.0	0.0	0.0	0.0	0.0	0.0	0.0
A1F4D2PZ7NNWTL	0.0769230769231	0.5	-1.0	0.0	-1.0	1.0	0.0	0.0	0.0	0.0	0.0
AIQB7XXL5K2FR	-0.428571428571	-1.0	0.0	0.0	0.0	-0.333333333333	0.75	0.5	1.0	1.0	0.0
AOU08YOV10IRX	-1.0	0.0	0.0	0.0	0.0	0.0	0.0	0.0	0.0	0.0	0.0
A2551EKB87S2XY	1.0	0.0	0.0	0.0	0.0	0.0	0.0	0.0	0.0	0.0	0.0
A2X8A8XLAEYSK4	0.454545454545	-1.0	1.0	0.0	0.0	0.0	0.0	0.0	0.0	0.0	0.0
A1FKCYWMD3HCXU	-1.0	0.0	0.0	0.0	0.0	0.0	0.0	0.0	0.0	0.0	0.0
A1OY40VC86UZZ5	0.5	0.0	0.0	0.0	0.0	0.0	0.0	-1.0	0.0	0.0	0.0
A2WLBR9LYCTC12	0.0	1.0	0.0	0.0	0.0	0.0	0.0	0.0	0.0	0.0	0.0
A1UDTHEPV5TL92	-1.0	-1.0	0.0	0.0	0.0	0.0	0.0	0.0	0.0	0.0	0.0
ABXFTRP10MC0S	-1.0	-1.0	-1.0	1.0	0.0	0.0	0.0	1.0	0.0	0.0	0.0
A13E3C65NKK51I	1.0	0.0	0.0	0.0	0.0	0.0	0.0	0.0	0.0	0.0	0.0
A4AHASOXY9MN4	0.0	1.0	0.0	0.0	0.0	0.0	0.0	0.0	0.0	0.0	0.0
A1JT53BJT9J5HU	-1.0	0.0	-1.0	0.0	0.0	0.0	0.0	0.0	0.0	0.0	0.0
A33JRE50HWXHAY	0.0	0.0	0.0	1.0	0.0	0.0	0.0	0.0	0.0	0.0	0.0
AOCDIMPHNZGEV	1.0	0.0	0.0	0.0	0.0	1.0	0.0	0.0	0.0	0.0	0.0
ASM8PAQ1XUAA5	1.0	0.0	0.0	0.0	0.0	0.0	0.0	0.0	0.0	0.0	0.0
A1DSL2NUBKWU7B	-1.0	0.0	0.0	0.0	0.0	0.0	0.0	0.0	0.0	0.0	0.0
A1PVTLZ5V590EP	-1.0	-1.0	0.0	0.0	0.0	0.0	0.0	0.0	0.0	0.0	0.0
AZJEGHE4605S5	-1.0	0.0	0.0	0.0	0.0	0.0	0.0	0.0	0.0	0.0	0.0
A1M1R3C19TYAOP	1.0	0.0	0.0	0.0	0.0	0.0	0.0	0.0	0.0	0.0	0.0
A3AW9QPTU7BL2W	0.0	1.0	0.0	0.0	0.0	0.0	0.0	0.0	0.0	0.0	0.0
A1C57DJF1HCR3Q	-0.5	-1.0	0.333333333333	0.0	-1.0	1.0	0.0	0.0	0.0	0.0	0.0
AHPOH7GFQK14J	1.0	1.0	1.0	0.0	1.0	1.0	1.0	1.0	0.0	0.0	0.0
A24VPMHXH3VPAW	1.0	1.0	0.0	0.0	0.0	0.0	0.0	0.0	0.0	0.0	0.0
A21JBDWPZGANFE	0.0	0.2	0.0	0.0	0.0	1.0	0.0	-1.0	0.0	0.0	0.0
A1TM1ZFU4OIPTD	1.0	0.0	0.0	0.0	0.0	0.0	0.0	0.0	0.0	0.0	0.0
A1U43ACI9M84MZ	-0.51724137931	-0.666666666667	0.333333333333	0.0	0.0	0.0	0.0	0.0	0.0	0.0	0.0
A2D2QC99X4UZSK	1.0	1.0	1.0	0.0	0.0	-1.0	0.0	0.0	0.0	0.0	0.0
ADJ9I7ZBFYFH7	0.714285714286	0.411764705882	0.571428571429	0.777777777778	0.75	0.777777777778	-0.5	1.0	1.0	1.0	0.5
A3AFXPGOHL9D23	0.0	-1.0	0.0	0.0	0.0	0.0	0.0	0.0	0.0	0.0	0.0
A1IMBSK5CIM2ZI	0.0	0.0	0.0	0.0	0.0	1.0	0.0	0.0	0.0	0.0	0.0
ABLZNI7FQSH4J	-0.714285714286	0.333333333333	0.0	1.0	0.0	1.0	0.0	0.0	0.0	0.0	0.0
ALEJV7D94ZLHF	0.666666666667	0.8	0.0	0.333333333333	0.2	1.0	-0.25	1.0	0.666666666667	-1.0	-0.333333333333
AFIV8M5OL2W5E	1.0	0.0	0.0	0.0	0.0	0.0	0.0	0.0	0.0	0.0	0.0
A2Y3KZTEYVI4PV	0.0	0.0	0.0	0.0	0.0	0.0	0.0	1.0	0.0	0.0	0.0
A3AROFXSS8WLSY	-0.333333333333	0.0	0.0	0.0	0.0	0.0	0.0	0.0	0.0	0.0	0.0
A4SC8G0149GEG	0.851851851852	1.0	1.0	0.818181818182	0.833333333333	1.0	1.0	1.0	1.0	1.0	1.0
A2XFO0X6RCS98M	-1.0	1.0	0.0	0.0	0.0	1.0	0.0	0.0	0.0	0.0	0.0
A1TEQTP52NS7D1	-0.333333333333	-1.0	0.0	0.0	0.0	0.0	0.0	0.0	0.0	0.0	0.0
A27PVIL93ZMY46	-0.796610169492	-0.5	-0.714285714286	0.0909090909091	-1.0	-0.2	-0.846153846154	-0.454545454545	0.333333333333	0.0	-0.333333333333
A1C4H7A7447AEI	0.0	0.0	1.0	0.0	0.0	0.0	0.0	0.0	0.0	0.0	0.0
ARVMCHRSH8NEQ	-0.5	0.0	0.0	-1.0	0.0	1.0	0.0	0.0	0.0	0.0	0.0
A4PA5EW33W7J4	0.333333333333	0.333333333333	0.0	0.0	0.0	1.0	0.0	0.0	0.0	0.0	0.0
A4W9APAHFWVLO	1.0	0.0	0.0	0.0	0.0	0.0	0.0	0.0	0.0	0.0	0.0
AOHR3NW1NV23F	-1.0	1.0	0.0	0.0	0.0	0.0	0.0	0.0	0.0	0.0	0.0
A1LJKHC0NH9TIX	-0.0322580645161	-0.384615384615	-0.333333333333	-0.454545454545	-1.0	0.142857142857	0.2	-1.0	-0.333333333333	1.0	0.0
AS23BWDISTI4E	-0.5	0.5	0.0	0.0	0.0	1.0	0.0	0.0	0.0	0.0	0.0
A3LEI24UWMMHSR	-1.0	0.0	0.0	0.0	0.0	0.0	0.0	0.0	0.0	0.0	0.0
A3O9E7SFME6EHN	-0.25	-1.0	0.428571428571	1.0	0.333333333333	1.0	1.0	0.0	1.0	-1.0	1.0
A1WR2AKX164FZO	-0.428571428571	-1.0	-1.0	0.2	-1.0	1.0	-0.5	0.0	0.333333333333	-1.0	0.333333333333
A1OCWWYC76OIK0	0.5	0.0	0.0	1.0	0.0	0.0	0.0	0.0	0.0	0.0	0.0
A8QNPF8ASC5VC	-0.466666666667	1.0	0.0	0.0	0.333333333333	1.0	0.0	-1.0	1.0	1.0	1.0
AARPPFH68G5GP	-1.0	1.0	0.0	0.0	0.0	0.0	0.0	0.0	0.0	0.0	0.0
A5IG6AWG6W638	-1.0	0.0	0.0	0.0	0.0	0.0	0.0	0.0	0.0	0.0	0.0
AC5CK3ZW56D59	1.0	0.0	0.0	0.0	0.0	0.0	0.0	1.0	0.0	0.0	0.0
A1RUUT6L07VW6P	-1.0	-1.0	-1.0	0.0	0.0	0.0	0.0	0.0	0.0	0.0	0.0
A2AO7QP5THYKQF	0.0	-1.0	0.0	0.0	0.0	0.0	0.0	0.0	0.0	0.0	0.0
A29S7QM3PRRO21	0.0	1.0	0.0	0.0	0.0	1.0	0.0	0.0	0.0	0.0	0.0
A294UCHXS5Z86L	1.0	0.0	0.0	0.0	0.0	0.0	0.0	0.0	0.0	0.0	0.0
A2YTOX7SEDJ1TC	-0.285714285714	-0.454545454545	-0.333333333333	-0.333333333333	0.0	0.0	0.0	0.0	0.0	0.0	0.0
A1XUZFDVKP95VC	-1.0	0.0	0.0	1.0	-1.0	0.0	-1.0	0.0	-1.0	0.0	-1.0
A25CQ3TJGQ7PTC	1.0	0.0	0.0	0.0	0.0	0.0	0.0	0.0	0.0	0.0	0.0
A193ZD3ZQRDBFP	0.0	0.0	0.0	0.0	0.0	0.0	0.0	1.0	0.0	0.0	0.0
A2R8KW72KGKQ17	0.0	-1.0	0.0	0.0	0.0	0.0	0.0	0.0	0.0	0.0	0.0
A1V4H8TUGZLWRD	-1.0	0.0	0.0	0.0	0.0	0.0	0.0	0.0	0.0	0.0	0.0
A1TS2SKXPX7ZED	-0.368421052632	-0.0909090909091	1.0	0.0	-1.0	0.0	0.0	-1.0	0.0	0.0	0.0
AD1DGG7ZDRAIT	0.913043478261	1.0	1.0	0.0	0.0	0.0	0.0	0.0	0.0	0.0	0.0
A3MZ9RQJX9T656	0.0	0.0	0.0	1.0	0.0	-1.0	0.0	0.0	0.0	0.0	0.0
A28CYFT2PBVI6S	1.0	0.0	0.0	0.0	0.0	0.0	0.0	0.0	0.0	0.0	0.0
A22SZHZTF72TRM	1.0	0.0	0.0	0.0	0.0	0.0	0.0	0.0	0.0	0.0	0.0
A341LHR7178BUY	1.0	0.0	0.0	0.0	0.0	0.0	0.0	0.0	0.0	0.0	0.0
A5XO1NRCM40SG	0.0	-1.0	0.0	0.0	0.0	0.0	0.0	0.0	0.0	0.0	0.0
A1XAOEDK0Y2KBT	1.0	0.333333333333	1.0	1.0	1.0	1.0	1.0	0.0	0.0	1.0	1.0
A2RRU9WGFBPA3J	-1.0	0.0	0.0	0.0	0.0	0.0	0.0	1.0	0.0	0.0	0.0
A12928IRL5PXSB	-1.0	0.0	0.0	0.0	0.0	0.0	0.0	0.0	0.0	0.0	0.0
AE837QZ9XU1UQ	0.894736842105	1.0	1.0	1.0	0.0	0.0	0.0	0.0	0.0	0.0	0.0
A2ILH54I3ZGRW4	-0.333333333333	-1.0	0.0	0.0	0.0	1.0	0.0	-1.0	0.0	0.0	0.0
A2VZHXY8UNLI8B	-0.555555555556	0.428571428571	0.0	0.0	0.0	1.0	0.0	0.0	0.0	0.0	0.0
ADVIE0ZHLWDDH	0.0	0.0	0.0	0.0	0.0	0.0	0.0	0.0	0.0	1.0	1.0
A2D7V7Z3CXS51V	-1.0	-0.333333333333	0.0	0.0	0.0	0.0	0.0	-1.0	0.0	0.0	0.0
AW8QXCBXBEAZ6	-0.5	0.0	0.0	0.0	0.0	0.0	0.0	0.0	0.0	0.0	0.0
A11G4DVYTN8H14	-1.0	0.0	0.0	0.0	0.0	0.0	0.0	0.0	0.0	0.0	0.0
A30Y20H2AACUC9	-1.0	0.0	0.0	1.0	0.0	0.0	0.0	0.0	0.0	0.0	0.0
ARJCTIBIT3OJ8	-0.545454545455	0.692307692308	0.882352941176	1.0	0.333333333333	1.0	0.5	-0.333333333333	1.0	1.0	1.0
A2BLIB4GCCK3J5	-0.526315789474	-0.393939393939	0.4	0.1	0.214285714286	0.809523809524	-0.454545454545	-0.4	0.636363636364	1.0	0.5
A1VS2PFZRWWPO3	0.582089552239	0.636363636364	0.2	1.0	0.0	0.0	0.0	0.0	0.0	0.0	0.0
A1BXTQCZADJI4V	-1.0	0.0	0.0	0.0	0.0	0.0	0.0	0.0	0.0	0.0	0.0
A333MN4UA8ZLPA	-1.0	0.0	0.0	0.0	0.0	0.0	0.0	0.0	0.0	0.0	0.0
A21067N8V2SXXU	0.0	0.0	1.0	1.0	0.0	0.0	0.0	0.0	0.0	0.0	0.0
A13NWVA358VG8L	-1.0	-1.0	0.0	0.0	0.0	0.0	0.0	0.0	0.0	0.0	0.0
A2S96ZZ70YFPSK	0.906976744186	1.0	1.0	1.0	0.6	1.0	0.714285714286	1.0	1.0	1.0	1.0
A3JMW8FYE9LJIV	0.0526315789474	-1.0	1.0	1.0	0.0	1.0	0.0	0.0	0.0	0.0	0.0
A21S5KBNLY5YZB	-1.0	0.0	1.0	0.0	0.0	0.0	0.0	0.0	0.0	0.0	0.0
A2I2YRPU8ZFDFK	1.0	1.0	1.0	0.0	0.0	0.0	0.0	0.0	0.0	0.0	0.0
AKLV0WIZZ356X	0.944444444444	0.714285714286	1.0	0.92	1.0	1.0	0.6	1.0	1.0	1.0	1.0
A1EWHEV37216YU	0.0	0.0	0.0	0.0	0.0	0.0	0.0	0.0	0.0	0.0	0.0
AOEGNU6G10Y6W	1.0	0.0	0.0	0.0	0.0	0.0	0.0	0.0	0.0	0.0	0.0
AOPZSU77ONJXS	0.333333333333	0.0	0.0	0.0	0.0	0.0	0.0	0.0	0.0	0.0	0.0
A2YAVVI4XM9ZHB	0.5	0.2	0.0	0.0	0.0	-1.0	0.0	-1.0	0.0	0.0	0.0
A3LNKXG5P4C83A	1.0	0.0	0.0	0.0	0.0	0.0	0.0	0.0	0.0	0.0	0.0
A2E72ZI1VESTMR	-1.0	-1.0	-1.0	0.0	0.0	0.0	0.0	0.0	0.0	0.0	0.0
A3GWV2AEZ1Y6DF	-0.6	0.0	0.0	0.0	0.0	0.0	0.0	0.0	0.0	0.0	0.0
A1CO67KW9NQ5NV	0.156862745098	0.142857142857	0.333333333333	0.0	-1.0	0.0	0.0	0.0	0.0	0.0	0.0
A2QYUYX8EC24F8	1.0	0.0	0.0	0.0	0.0	0.0	0.0	0.0	0.0	0.0	0.0
A2AT0G92TP7HCG	-1.0	0.0	0.0	0.0	0.0	0.0	0.0	0.0	0.0	0.0	0.0
A2PGZ0W1LUKB0J	1.0	0.0	0.0	0.0	0.0	0.0	0.0	0.0	0.0	0.0	0.0
A1ZDQYGN778RQ7	-1.0	1.0	0.0	0.0	0.0	1.0	0.0	0.0	0.0	0.0	0.0
A1QRRGJSVGSXRC	-0.333333333333	0.5	0.0	0.0	0.0	0.0	0.0	-1.0	0.0	0.0	0.0
A1U3KTAUMV7QKT	0.157894736842	0.733333333333	1.0	1.0	0.0	1.0	0.0	0.0	0.0	0.0	0.0
AHXWX666GANH1	1.0	0.0	0.0	0.0	0.0	0.0	0.0	0.0	0.0	0.0	0.0
AVII5WIKWUWTK	0.882352941176	0.333333333333	-0.333333333333	0.0	0.0	0.0	0.0	0.0	0.0	0.0	0.0
A19R3D03IAUCLU	1.0	0.0	0.0	1.0	0.0	0.0	0.0	0.0	0.0	0.0	0.0
A1V9Y58SJKUJWS	0.0	-1.0	0.0	0.0	0.0	0.0	0.0	0.0	0.0	0.0	0.0
A29374NDYXSCWB	-1.0	-1.0	0.0	0.0	0.0	0.0	-1.0	0.0	0.0	0.0	0.0
A3N6JLEAMOBJU9	0.0	0.0	0.0	1.0	0.0	0.0	0.0	0.0	0.0	0.0	0.0
A3GXBXAFN2VV35	-0.333333333333	-1.0	-1.0	0.0	0.0	0.0	0.0	0.0	0.0	0.0	0.0
A3D87TYT1EMC5B	-1.0	1.0	0.0	1.0	0.0	0.0	0.0	0.0	0.0	0.0	0.0
A2QJGPYZZ1DTIP	1.0	-1.0	0.0	0.0	0.0	0.0	0.0	0.0	0.0	0.0	0.0
A1T8EFHGSEE3RD	1.0	0.0	-1.0	0.0	0.0	0.0	0.0	1.0	0.0	0.0	0.0
A1LX3YP9PCKI72	-0.0588235294118	-0.142857142857	1.0	0.0	0.0	1.0	0.0	1.0	0.0	0.0	0.0
A9QYAH5BONH1W	-0.641379310345	-0.723076923077	-0.88679245283	0.51724137931	-1.0	-0.8	-0.935483870968	-0.818181818182	-0.047619047619	-0.578947368421	-1.0
A36MTY8RSWBZU7	0.0	0.333333333333	-1.0	1.0	0.0	-1.0	-0.5	0.0	0.333333333333	1.0	1.0
A3LL7GWVECNK4V	-1.0	1.0	-1.0	1.0	1.0	-1.0	-0.666666666667	1.0	1.0	-1.0	1.0
A3O9VWYB0F4RJ4	-1.0	0.0	0.0	0.0	0.0	0.0	0.0	0.0	0.0	0.0	0.0
A1RSIVGT2VV1EH	0.384615384615	1.0	0.0	0.2	0.0	0.333333333333	0.0	0.0	0.0	0.0	0.0
AHVRTGE4VP52V	0.0	1.0	0.0	0.0	0.0	0.0	0.0	0.0	0.0	0.0	0.0
A5LLSZG8YCAZF	1.0	0.0	0.0	-1.0	0.0	0.0	-1.0	0.0	0.0	0.0	0.0
A12SMSQ6D5227J	-0.636363636364	-0.25	-1.0	1.0	-1.0	1.0	-0.714285714286	-1.0	-1.0	0.333333333333	1.0
A1K3C8R6GW43CW	0.333333333333	0.0	-1.0	0.0	0.0	0.0	0.0	0.0	0.0	0.0	0.0
A3ISCRQVMN65XH	-1.0	-0.333333333333	0.0	0.0	0.0	0.0	0.0	0.0	0.0	0.0	0.0
A2RRDATXKQ8HHC	-0.581395348837	-0.454545454545	0.692307692308	0.2	0.5	0.111111111111	-0.333333333333	-0.666666666667	1.0	1.0	0.333333333333
A33RTACPBWATZ	0.0	0.0	0.0	0.0	0.0	0.0	0.0	0.0	0.0	-1.0	0.0
A8YFT7WBW5JCS	0.5	1.0	0.0	0.0	0.0	0.0	0.0	0.0	0.0	0.0	0.0
A1X258MWJFEMTW	0.0	0.0	0.0	0.0	0.0	0.0	0.0	0.0	0.0	0.0	0.0
A3FM158JCS0W7K	0.666666666667	-0.368421052632	1.0	0.0	-1.0	0.0	0.0	0.0	0.0	0.0	0.0
A2QD7QFGCUNF5N	-0.512195121951	-0.333333333333	0.304347826087	0.611111111111	0.135135135135	0.416666666667	-0.266666666667	-0.176470588235	0.5	0.777777777778	0.647058823529
AL2WKE1L2IZY6	1.0	0.0	0.0	0.0	0.0	0.0	0.0	0.0	0.0	0.0	0.0
A3DYARPST6A0VK	-0.5	0.0	0.0	0.0	0.0	0.0	0.0	0.0	0.0	0.0	0.0
A1JRV4XD6CG12W	0.153846153846	0.0	0.818181818182	0.5	0.0	0.0	0.0	0.0	0.0	0.0	0.0
A2U5UM9LTB91R6	-1.0	-1.0	1.0	0.0	0.0	0.0	0.0	0.0	0.0	0.0	0.0
A36T3XYC4WBLNK	0.4375	0.6	1.0	0.0	-1.0	-0.6	0.0	1.0	0.0	0.0	0.0
A3C3LEJ7FJRTV9	-1.0	-1.0	-1.0	0.0	0.0	0.0	0.0	0.0	0.0	0.0	0.0
A3233884IN3XNC	-1.0	0.0	0.0	0.0	0.0	1.0	0.0	0.0	0.0	0.0	0.0
A320QA9HJFUOZO	-1.0	-1.0	0.0	1.0	-1.0	-1.0	0.666666666667	-1.0	1.0	0.0	0.0
A261I77RAWTJM4	1.0	0.0	0.0	0.0	0.0	1.0	0.0	1.0	0.0	0.0	0.0
A2AAY4VT9L71SY	-1.0	0.0	1.0	0.0	0.0	-1.0	0.0	-1.0	0.0	0.0	0.0
A8RFIU0K3NSSD	-1.0	0.0	0.0	0.0	0.0	0.0	0.0	0.0	0.0	0.0	0.0
A17BQ2QRW1V9AO	1.0	0.0	0.0	0.0	0.0	0.0	0.0	0.0	0.0	0.0	0.0
A3QVRKBAO0OQAA	-1.0	0.0	0.0	0.0	0.0	0.0	0.0	0.0	0.0	0.0	0.0
A2QLSHXNCHBRN4	0.666666666667	0.6	1.0	1.0	0.2	1.0	1.0	0.0	1.0	1.0	1.0
AJFM54LLRKT47	1.0	0.0	0.0	0.0	0.0	0.0	0.0	0.0	0.0	0.0	0.0
A1HBTG2QI6RHNX	0.333333333333	1.0	0.0	0.0	0.0	1.0	0.0	0.0	0.0	0.0	0.0
A1POAEM6VP9C7S	0.333333333333	1.0	0.0	0.0	0.0	0.0	0.0	0.0	0.0	0.0	0.0
A3JZS32RQUWGJM	0.0	1.0	0.0	0.0	0.0	0.0	0.0	0.0	0.0	0.0	0.0
A20PSVHEDXNJIH	0.0	1.0	0.0	0.0	0.0	0.0	0.0	0.0	0.0	0.0	0.0
A3AXXVQ7GY5JO3	1.0	0.0	0.0	0.0	0.0	0.0	0.0	0.0	0.0	0.0	0.0
A1ETJBNTO9ZWZ8	0.857142857143	1.0	1.0	-1.0	1.0	1.0	0.0	1.0	1.0	0.0	0.0
A27IABVBUZ9X8Z	-0.666666666667	1.0	1.0	0.0	0.0	0.0	0.0	1.0	1.0	0.0	0.0
ARTOM00RUJRIK	-0.5	0.333333333333	0.0	-1.0	0.0	0.0	0.0	0.0	0.0	0.0	0.0
A1LLZHLIIXJHU2	-0.333333333333	0.0	0.0	1.0	0.0	0.0	0.0	0.0	0.0	0.0	0.0
A2ZRYNS8R5JSY6	0.0	1.0	0.0	0.0	0.0	0.0	0.0	0.0	0.0	0.0	0.0
A2WCDQDLMC6J72	0.263157894737	0.666666666667	1.0	1.0	0.428571428571	1.0	0.0	0.0	-1.0	1.0	0.5
A13T61GJTR2Y9B	-0.487179487179	-0.5	-1.0	0.0	0.0	-0.2	0.0	-0.333333333333	0.0	0.0	0.0
A1EWMKZ5RJ9UC4	-1.0	0.0	0.0	0.0	0.0	0.0	0.0	0.0	0.0	0.0	0.0
A1GNIJM6NM4OIQ	-1.0	0.0	0.0	0.0	0.0	0.0	0.0	0.0	0.0	0.0	0.0
A1DWLAKLCTCU71	-1.0	0.0	0.0	0.0	0.0	0.0	0.0	0.0	0.0	0.0	0.0
A2MOSNEX4E7G1P	-1.0	0.0	0.0	0.0	0.0	0.0	0.0	0.0	0.0	0.0	0.0
A3QY3I5O0STFGA	0.0	0.0	0.0	0.0	0.0	0.0	0.0	-1.0	0.0	0.0	0.0
AYOA4FYI30AKI	-1.0	0.0	0.0	0.0	-1.0	0.0	0.0	0.0	0.0	0.0	0.0
AKXNUZGMYOW6Q	-1.0	0.0	0.0	0.0	0.0	0.0	0.0	0.0	0.0	0.0	0.0
A36PAQLWZIRY2P	-0.833333333333	-0.692307692308	1.0	0.0	-0.333333333333	-0.333333333333	-1.0	-0.111111111111	0.0	0.0	0.0
A3SNQS3TEFPLX1	1.0	0.0	0.0	0.0	0.0	0.0	0.0	0.0	0.0	0.0	0.0
AOIT11QP5Z83X	-0.333333333333	0.2	0.0	0.0	0.0	1.0	0.0	-1.0	0.0	0.0	0.0
A1W7NEHKLKU0P	0.0	0.0	0.0	1.0	0.0	0.0	0.0	0.0	0.0	0.0	0.0
A1KFK92GEFQ9F5	1.0	1.0	0.0	0.0	0.0	0.0	0.0	0.0	0.0	0.0	0.0
A2OLVF6P86QSQJ	0.666666666667	1.0	1.0	0.0	-1.0	-1.0	1.0	1.0	0.0	0.0	0.0
AOAQK9URS9KUR	0.0	0.0	0.0	0.0	0.0	1.0	0.0	0.0	0.0	0.0	0.0
A1G3GN1MWUT25I	1.0	0.0	0.0	0.0	0.0	0.0	0.0	0.0	0.0	0.0	0.0
A3RKHS34F9V14D	0.0	0.0	0.0	0.0	0.0	1.0	0.0	0.0	0.0	0.0	0.0
A1SFABJ4NX5DFY	-0.333333333333	1.0	0.0	0.0	0.0	0.0	0.0	0.0	0.0	0.0	0.0
A3A69FI0KKHXEG	-1.0	0.0	0.0	0.0	0.0	0.0	0.0	0.0	0.0	0.0	0.0
A2DQS77MARBN96	0.0	1.0	0.0	0.0	0.0	0.0	0.0	0.0	0.0	0.0	0.0
A3SEUVWC42BVF6	0.0	0.0	0.0	0.0	0.0	0.0	0.0	0.0	0.0	0.0	0.0
AKO4O0L9613K5	1.0	0.0	0.0	0.0	0.0	0.0	0.0	0.0	0.0	0.0	0.0
AAQ4Q3ULMAF5H	-0.0666666666667	1.0	1.0	0.0	1.0	0.0	0.0	0.0	0.0	0.0	0.0
A36ABEGFKRJC2O	0.0	-0.333333333333	0.0	0.0	0.0	0.0	0.0	0.0	0.0	0.0	0.0
A3BYE6AJS15HLT	1.0	0.0	0.0	0.0	0.0	0.0	0.0	0.0	0.0	0.0	0.0
A3E0T5IURPJVHC	0.0	1.0	0.0	0.0	0.0	0.0	0.0	0.0	0.0	0.0	0.0
A9K0CV70JWG1W	1.0	1.0	0.0	0.0	0.0	1.0	0.0	0.0	0.0	0.0	0.0
A5QX1WLOIIE6A	1.0	1.0	0.0	0.0	0.0	0.0	0.0	0.0	0.0	0.0	0.0
AA1FZS6ELW1JK	-1.0	0.0	0.0	0.0	0.0	0.0	0.0	0.0	0.0	0.0	0.0
AGSZG0JX9O03Y	-0.5	-1.0	0.0	0.333333333333	0.0	1.0	0.0	0.0	0.0	0.0	0.0
A1SGAJ57ZPB1QH	-1.0	1.0	0.0	0.0	0.0	0.0	0.0	0.0	0.0	0.0	0.0
A3HFWLGG0K527B	-0.333333333333	1.0	-0.333333333333	-1.0	0.0	0.0	0.0	0.0	0.0	0.0	0.0
A1JYGNIFHS9TEA	-0.161290322581	0.0	1.0	1.0	0.0	1.0	0.0	0.0	0.0	0.0	0.0
A29V7X69PKOD6H	-1.0	0.0	0.0	0.0	0.0	0.0	0.0	0.0	0.0	0.0	0.0
A1MLC8HETIE13W	-1.0	-1.0	0.0	0.0	0.0	0.0	0.0	0.0	0.0	0.0	0.0
A3LMBJQC7MT34	0.0	1.0	-1.0	1.0	0.0	0.0	0.0	0.0	0.0	0.0	0.0
A1MQHSQAVYQXRT	0.0	0.0	0.0	0.0	0.0	1.0	0.0	0.0	0.0	0.0	0.0
A24NXYAW8T2JA0	0.6	-0.6	0.0	0.0	0.0	0.0	0.0	0.0	0.0	0.0	0.0
A1F8RKCA3O05CP	0.75	1.0	0.0	0.0	1.0	0.0	0.0	0.333333333333	0.0	0.0	0.0
A27X6AYXR32U96	-0.6	0.0	0.0	0.0	0.0	0.0	0.0	0.0	0.0	0.0	0.0
