packageName,permission,purpose,avgScore,comfortScore,knnScore
amep.games.af_final,READ_PHONE_STATE,INTERNAL,0.2632936563863541,0.9499999999999995,0.44165350877193
ar.com.ps3argentina.trophies,GET_ACCOUNTS,INTERNAL,0.844106930344937,1.2105263157894732,0.900931773879142
au.com.nab.mobile,ACCESS_FINE_LOCATION,INTERNAL,0.5615118671820021,-0.10000000000000005,0.26426315789473687
au.com.nab.mobile,READ_PHONE_STATE,INTERNAL,0.2750593154575119,-0.5789473684210529,0.16971929824561402
bnw.project.wallpaper.buddycons,READ_PHONE_STATE,INTERNAL,0.27029768181638186,0.3,0.23342105263157897
br.bovespa,READ_PHONE_STATE,INTERNAL,0.2665897703539822,-0.034482758620689634,0.41329927760577917
br.com.jera.vikings,READ_PHONE_STATE,INTERNAL,0.26679923076488693,0.6,-0.04408187134502919
br.findmycarfree,ACCESS_FINE_LOCATION,INTERNAL,0.5357377336078635,1.3999999999999992,0.7973345543345544
by.istin.android.kinobaza,READ_PHONE_STATE,INTERNAL,0.26562543245038733,0.3,0.6975500515995873
com.Ama.PanicFlightFree,GET_ACCOUNTS,INTERNAL,0.8647830277567381,0.4705882352941177,0.91380701754386
com.Ama.PanicFlightFree,READ_PHONE_STATE,INTERNAL,0.26632621365578524,0.41176470588235314,-0.14742105263157898
com.Conquer3.Kingdoms.game.good.haha,GET_ACCOUNTS,INTERNAL,0.8518067675678206,0.5,0.46487914230019495
com.Conquer3.Kingdoms.game.good.haha,READ_PHONE_STATE,INTERNAL,0.2711005441071873,0.3333333333333333,0.27776803118908366
com.HBO,READ_PHONE_STATE,INTERNAL,0.26555487041009507,1.1499999999999992,0.43578947368421056
com.NextFloor.DragonFlightKakao,READ_PHONE_STATE,INTERNAL,0.2782746630988143,-0.6499999999999999,0.38955280357757144
com.UCMobile.intl,ACCESS_COARSE_LOCATION,INTERNAL,0.4496198830409356,0.15,0.4496198830409356
com.UCMobile.intl,ACCESS_FINE_LOCATION,INTERNAL,0.5666145463678204,-0.25,0.19022807017543863
com.UCMobile.intl,CAMERA,INTERNAL,1.137885436786712,1.25,1.3144210526315787
com.UCMobile.intl,READ_PHONE_STATE,INTERNAL,0.273450157377411,-0.3,0.073
com.UCMobile.intl,RECORD_AUDIO,INTERNAL,1.1373069678781316,1.0500000000000005,1.242517027863777
com.allocine.androidapp,ACCESS_FINE_LOCATION,INTERNAL,0.5491187589696646,1.0,0.5810350877192983
com.allocine.androidapp,READ_PHONE_STATE,INTERNAL,0.2671552186735503,0.6999999999999996,0.7193297786951037
com.androcheck.facedet,CAMERA,INTERNAL,1.1644153176721848,0.588235294117647,1.3158440545808971
com.android.chrome,ACCESS_FINE_LOCATION,INTERNAL,0.5526939894277575,-0.2000000000000001,0.22863157894736835
com.android.chrome,MANAGE_ACCOUNTS,INTERNAL,1.0249240585950252,1.2999999999999998,1.077269005847953
com.animoca.prettyPetSalonSeasons,READ_PHONE_STATE,INTERNAL,0.26521159546669815,0.47368421052631554,0.3277641325536062
com.antivirus,ACCESS_COARSE_LOCATION,INTERNAL,0.3158114035087719,0.8999999999999996,0.31581140350877196
com.antivirus,ACCESS_FINE_LOCATION,INTERNAL,0.5326268188516641,0.9499999999999995,-0.10442105263157896
com.antivirus,BLUETOOTH,INTERNAL,0.9172681683784625,0.75,0.7995686274509805
com.antivirus,CAMERA,INTERNAL,1.135064433204195,1.6000000000000008,1.0569649122807017
com.antivirus,GET_ACCOUNTS,INTERNAL,0.8421455217826354,0.9499999999999995,1.0525009746588696
com.antivirus,READ_CONTACTS,INTERNAL,0.5275774021322743,0.2000000000000001,0.76059649122807
com.antivirus,READ_PHONE_STATE,INTERNAL,0.2682547270112848,0.3499999999999998,0.09849122807017545
com.antivirus,SEND_SMS,INTERNAL,0.4462837649679755,-0.8000000000000004,0.552719298245614
com.appson.blobbyvolley,GET_ACCOUNTS,INTERNAL,0.8681524203834262,0.3,0.7743508771929825
com.asobimo.celes_gp_en,GET_ACCOUNTS,INTERNAL,0.8600319404830795,0.6842105263157898,0.47749122807017547
com.asobimo.celes_gp_en,READ_PHONE_STATE,INTERNAL,0.27042113660698525,0.75,0.6358460038986357
com.avast.android.mobilesecurity,GET_ACCOUNTS,INTERNAL,0.8568845896614207,0.5,0.9266666666666666
com.avast.android.mobilesecurity,READ_CONTACTS,INTERNAL,0.5080482980157779,1.0,0.44207017543859656
com.avast.android.mobilesecurity,READ_PHONE_STATE,INTERNAL,0.2717830414943912,0.0,0.40056140350877184
com.avast.android.mobilesecurity,SEND_SMS,INTERNAL,0.287453529657477,0.25,0.181280701754386
com.badoo.mobile,ACCESS_COARSE_LOCATION,INTERNAL,0.3825511695906431,0.5,0.3825511695906431
com.badoo.mobile,ACCESS_FINE_LOCATION,INTERNAL,0.5628926829887351,0.25,-0.06012280701754386
com.badoo.mobile,CAMERA,INTERNAL,1.141772623714057,1.0500000000000005,1.0419415204678364
com.badoo.mobile,GET_ACCOUNTS,INTERNAL,0.8394484799050196,0.8500000000000003,0.9699922027290451
com.badoo.mobile,READ_CONTACTS,INTERNAL,0.5327427350745751,-0.3499999999999998,0.6362105263157896
com.badoo.mobile,READ_PHONE_STATE,INTERNAL,0.27165105157451047,-0.050000000000000024,0.5169429824561402
com.badoo.mobile,SEND_SMS,INTERNAL,0.3256013993316625,-0.10000000000000005,-0.04143859649122805
com.bbm,ACCESS_FINE_LOCATION,INTERNAL,0.5475281929152438,0.4000000000000002,0.23963157894736853
com.bbm,AUTHENTICATE_ACCOUNTS,INTERNAL,0.8086803035763303,0.6,0.7550185758513929
com.bbm,CAMERA,INTERNAL,1.1402676537869172,1.5,1.3422982456140349
com.bbm,GET_ACCOUNTS,INTERNAL,0.837564876628909,1.0,1.0708128654970759
com.bbm,READ_CONTACTS,INTERNAL,0.5029939583515638,0.8500000000000003,0.5760010319917441
com.bbm,RECORD_AUDIO,INTERNAL,1.1308593250710894,1.25,1.1447103543171655
com.berobo.android.scanner,READ_PHONE_STATE,INTERNAL,0.26763309802327145,0.6999999999999996,0.269593984962406
com.bigbluebubble.fatfree,READ_PHONE_STATE,INTERNAL,0.2639213895140998,0.866666666666667,0.11901754385964906
com.bighand.android,READ_PHONE_STATE,INTERNAL,0.27194445414794266,0.2000000000000001,0.275438596491228
com.bighand.android,RECORD_AUDIO,INTERNAL,1.1274251683111196,1.6551724137931034,1.108601444788442
com.binomed.showtime,ACCESS_FINE_LOCATION,INTERNAL,0.5445597502991647,1.0,0.8032332433648223
com.blue.fox.scannerradio,READ_PHONE_STATE,INTERNAL,0.2717139249919479,0.8000000000000004,0.5840175438596492
com.bruellaffe,READ_PHONE_STATE,INTERNAL,0.27379941406130814,-0.5,0.41907017543859654
com.burrotech.scan2pdf,CAMERA,INTERNAL,1.1464170985511541,1.25,1.2920370370370369
com.cipsoft.tibiame,READ_PHONE_STATE,INTERNAL,0.26660704640420724,0.7368421052631576,0.38036452241715396
com.cisco.anyconnect.vpn.android.rooted,READ_PHONE_STATE,INTERNAL,0.26737349531918686,0.125,0.02719298245614034
com.cleanmaster.mguard,READ_PHONE_STATE,INTERNAL,0.2642502264498762,-0.4000000000000002,-0.0402982456140351
com.clinkybot.geodroid0,ACCESS_FINE_LOCATION,INTERNAL,0.5294370671603937,1.6666666666666663,1.0370359231411863
com.codemonkey.titanturret,READ_PHONE_STATE,INTERNAL,0.2748115522349147,0.10000000000000005,0.3728654970760233
com.com2us.caligofree,READ_PHONE_STATE,INTERNAL,0.2693407315201721,0.8000000000000004,0.6118323586744642
com.com2us.imo.normal.freefull.google.global.android.common,READ_PHONE_STATE,INTERNAL,0.26453052629948437,0.5555555555555555,0.6138011695906436
com.com2us.inotia3.normal.freefull.google.global.android.common,READ_PHONE_STATE,INTERNAL,0.2714585030811717,0.31578947368421056,0.6708006822612086
com.com2us.minigameparadise.normal.freefull.google.global.android.common,READ_PHONE_STATE,INTERNAL,0.2706454975805465,0.6842105263157898,0.6157046783625731
com.com2us.ovenbreak.normal.freefull.google.global.android.common,READ_PHONE_STATE,INTERNAL,0.27013197333600897,0.7368421052631576,0.38994541910331393
com.creativemobile.DragRacing,READ_PHONE_STATE,INTERNAL,0.2782734171600595,-0.4499999999999998,0.11834892787524369
com.darksummoner,READ_PHONE_STATE,INTERNAL,0.26961838582687536,0.4000000000000002,-0.013497076023391829
com.devuni.flashlight,CAMERA,INTERNAL,1.1172418615424478,1.789473684210527,1.2742873523678484
com.dianxinos.dxbs,BLUETOOTH,INTERNAL,0.9788660130718955,0.4000000000000002,1.0248431372549016
com.dianxinos.dxbs,GET_ACCOUNTS,INTERNAL,0.8635734473519602,-0.4000000000000002,0.9778713450292398
com.dianxinos.dxbs,READ_PHONE_STATE,INTERNAL,0.25969601185053814,0.6499999999999999,0.028590643274853795
com.directv.dvrscheduler,READ_PHONE_STATE,INTERNAL,0.2640188830125611,1.4736842105263153,0.5713529411764705
com.dooub.shake.bbshake,READ_PHONE_STATE,INTERNAL,0.2746603151006833,-0.05882352941176471,0.3625102339181288
com.dooub.shake.sjshake,READ_PHONE_STATE,INTERNAL,0.27274899197329927,0.16666666666666666,0.22690514275885798
com.droidhen.game.fishpredator,READ_PHONE_STATE,INTERNAL,0.2674627388737776,0.5500000000000003,0.25196491228070167
com.droidhen.game.speedhiker,READ_PHONE_STATE,INTERNAL,0.2711054933794176,0.26315789473684226,-0.004019607843137251
com.easy.battery.saver,BLUETOOTH,INTERNAL,0.9811614145658266,0.25,0.9840784313725489
com.easy.battery.saver,READ_PHONE_STATE,INTERNAL,0.27681815717876673,-0.15,0.1451637426900585
com.ebay.mobile,ACCESS_FINE_LOCATION,INTERNAL,0.5497315888750663,0.3,0.3887557354925776
com.ebay.mobile,CAMERA,INTERNAL,1.1377396800927648,1.2,1.0612865497076025
com.eliteextra.driver,ACCESS_FINE_LOCATION,INTERNAL,0.5319333748821226,1.2692307692307694,0.7874561403508771
com.eliteextra.driver,READ_PHONE_STATE,INTERNAL,0.2791416546099101,0.14285714285714282,0.31566666666666676
com.evernote,ACCESS_FINE_LOCATION,INTERNAL,0.5571646140042618,0.25,-0.012
com.evernote,AUTHENTICATE_ACCOUNTS,INTERNAL,0.7959315689375029,0.6,0.7422579979360165
com.evernote,CAMERA,INTERNAL,1.140695527934086,1.2999999999999998,1.0844814814814816
com.evernote,GET_ACCOUNTS,INTERNAL,0.8463608809097953,0.9499999999999995,0.9813684210526316
com.evernote,MANAGE_ACCOUNTS,INTERNAL,1.0389441961547226,0.8500000000000003,1.0496140350877192
com.evernote,READ_CONTACTS,INTERNAL,0.5360483293690783,0.10000000000000005,0.6969122807017543
com.evernote,READ_PHONE_STATE,INTERNAL,0.26822820833176286,-0.2000000000000001,0.46709210526315775
com.evernote,RECORD_AUDIO,INTERNAL,1.1394043334541308,1.1499999999999992,1.2275964912280701
com.facebook.katana,ACCESS_FINE_LOCATION,INTERNAL,0.5542866965858441,0.6499999999999999,0.02666666666666669
com.facebook.katana,AUTHENTICATE_ACCOUNTS,INTERNAL,0.7876610515864902,0.8500000000000003,0.7036436188510494
com.facebook.katana,GET_ACCOUNTS,INTERNAL,0.8340070428304449,1.2,0.8685906432748537
com.facebook.katana,MANAGE_ACCOUNTS,INTERNAL,1.0277217914778976,1.1499999999999992,1.0083469785575045
com.facebook.katana,READ_CONTACTS,INTERNAL,0.512064297162166,0.8500000000000003,0.5129442724458205
com.facebook.katana,READ_PHONE_STATE,INTERNAL,0.2717310691789156,0.2000000000000001,-0.04196491228070174
com.facebook.orca,ACCESS_FINE_LOCATION,INTERNAL,0.5552018325827325,0.050000000000000024,-0.02109311740890688
com.facebook.orca,CAMERA,INTERNAL,1.1412278803530165,1.3157894736842117,1.3029824561403511
com.facebook.orca,GET_ACCOUNTS,INTERNAL,0.8419745459069242,0.9499999999999995,0.9572027290448342
com.facebook.orca,READ_CONTACTS,INTERNAL,0.5120754814320874,0.5,0.6520701754385967
com.facebook.orca,READ_PHONE_STATE,INTERNAL,0.2723978018497148,-0.05263157894736838,0.15728070175438597
com.facebook.orca,RECORD_AUDIO,INTERNAL,1.139345376380704,1.1000000000000005,1.241570760233918
com.favoritemedium,GET_ACCOUNTS,INTERNAL,0.8538489310939223,0.8000000000000004,0.9882745098039216
com.favoritemedium,READ_PHONE_STATE,INTERNAL,0.2643856672019601,1.0,0.1043836874132593
com.feelingtouch.FlyMan,READ_PHONE_STATE,INTERNAL,0.27031280991421525,0.75,0.24091847265221886
com.feelingtouch.bugswar,READ_PHONE_STATE,INTERNAL,0.2741812418752309,0.2000000000000001,0.46194736842105283
com.feelingtouch.dragon.ice,READ_PHONE_STATE,INTERNAL,0.26139686956866043,0.6,0.03139766081871345
com.fingersoft.nightvisioncamera,CAMERA,INTERNAL,1.1551135179634322,1.1499999999999992,1.4831269349845209
com.folkalley.android,READ_PHONE_STATE,INTERNAL,0.26987645890498707,-0.050000000000000024,0.2782923976608187
com.fontaines,ACCESS_FINE_LOCATION,INTERNAL,0.5344900376011118,1.2631578947368423,0.6760053981106613
com.fontaines,CAMERA,INTERNAL,1.1674639775245328,0.6,1.1388245614035089
com.forshared,READ_PHONE_STATE,INTERNAL,0.2691170993119835,-0.5,-0.043851851851851836
com.fridgecat.android.atiltlite,GET_ACCOUNTS,INTERNAL,0.8546149589491118,0.6499999999999999,0.6872475633528266
com.fridgecat.android.atiltlite,READ_PHONE_STATE,INTERNAL,0.26879859210055757,0.6499999999999999,0.4214814814814814
com.frimastudio.android.SpaceShooter,READ_PHONE_STATE,INTERNAL,0.2662022286684736,0.8000000000000004,0.4283742690058478
com.gamecircus.PrizeClaw,READ_PHONE_STATE,INTERNAL,0.2605474620480806,0.8999999999999996,0.3122748538011697
com.gameforge.xmobile.war,READ_PHONE_STATE,INTERNAL,0.2700728560078025,0.7368421052631576,0.13773684210526316
com.gameinsight.enchantedrealm,READ_PHONE_STATE,INTERNAL,0.26617139622344255,0.8000000000000004,0.003132782937736503
com.gameinsight.kingdom,GET_ACCOUNTS,INTERNAL,0.8571587326589859,-0.05263157894736838,0.6540918472652216
com.gameinsight.kingdom,READ_PHONE_STATE,INTERNAL,0.26729769826121275,0.75,0.18911111111111115
com.gameinsight.myclinic,READ_PHONE_STATE,INTERNAL,0.26489021604202595,0.5294117647058824,0.33085622101230083
com.gameloft.android.ANMP.GloftDMHM,READ_PHONE_STATE,INTERNAL,0.27727400589333623,-0.6,-0.026614035087719295
com.gameloft.android.ANMP.GloftIAHM,READ_PHONE_STATE,INTERNAL,0.2694141176567186,-0.31578947368421056,-0.0260392156862745
com.gamevil.cartoonwars.one.global,READ_PHONE_STATE,INTERNAL,0.2713177463979797,0.7368421052631576,0.5074048847609222
com.gamevil.cartoonwars.two.global,READ_PHONE_STATE,INTERNAL,0.2694288909695626,0.6499999999999999,0.31866666666666676
com.gau.go.launcherex,READ_CONTACTS,INTERNAL,0.5145758619139651,0.4000000000000002,0.6536842105263158
com.geogame.event,ACCESS_FINE_LOCATION,INTERNAL,0.553651954796073,0.30769230769230765,0.37447368421052646
com.google.android.apps.books,GET_ACCOUNTS,INTERNAL,0.8456526870002274,1.1000000000000005,1.1253313840155945
com.google.android.apps.docs,CAMERA,INTERNAL,1.1264438312043767,1.25,1.0377719298245611
com.google.android.apps.docs,GET_ACCOUNTS,INTERNAL,0.8417829283354986,1.4210526315789473,1.1635399610136459
com.google.android.apps.docs,READ_CONTACTS,INTERNAL,0.5149284751299876,0.4000000000000002,0.33400206398348803
com.google.android.apps.googlevoice,GET_ACCOUNTS,INTERNAL,0.8366310884973608,1.1052631578947367,1.2505341130604288
com.google.android.apps.googlevoice,READ_CONTACTS,INTERNAL,0.4978007393172608,1.3157894736842117,0.5009824561403511
com.google.android.apps.googlevoice,READ_PHONE_STATE,INTERNAL,0.2667605069528363,1.0500000000000005,0.1192456140350877
com.google.android.apps.googlevoice,SEND_SMS,INTERNAL,0.09770029239766082,1.7000000000000006,0.052228070175438616
com.google.android.apps.maps,ACCESS_FINE_LOCATION,INTERNAL,0.5270243891398396,1.2631578947368423,1.0104448300237772
com.google.android.apps.maps,GET_ACCOUNTS,INTERNAL,0.8458526160909502,1.1578947368421058,1.1993274853801168
com.google.android.apps.maps,MANAGE_ACCOUNTS,INTERNAL,1.0163517779917848,1.2105263157894732,1.0369473684210528
com.google.android.apps.maps,READ_CONTACTS,INTERNAL,0.515681193325012,0.31578947368421056,0.39736842105263165
com.google.android.apps.plus,ACCESS_FINE_LOCATION,INTERNAL,0.5564871213996402,0.25,0.15660026990553308
com.google.android.apps.plus,GET_ACCOUNTS,INTERNAL,0.8422995765512247,1.3999999999999992,1.050653021442495
com.google.android.apps.plus,READ_CONTACTS,INTERNAL,0.5042639965977912,0.4499999999999998,0.6182683178534568
com.google.android.apps.plus,READ_PHONE_STATE,INTERNAL,0.26589711185835596,0.5,-0.007575048732943466
com.google.android.apps.translate,CAMERA,INTERNAL,1.138457386125371,1.1000000000000005,1.3663196881091617
com.google.android.apps.translate,GET_ACCOUNTS,INTERNAL,0.8440735372711999,1.0,0.9302573099415206
com.google.android.apps.translate,RECORD_AUDIO,INTERNAL,1.1205163876998674,1.7000000000000006,1.1037347781217752
com.google.android.apps.unveil,ACCESS_FINE_LOCATION,INTERNAL,0.5542452519255281,0.6666666666666666,0.26135087719298244
com.google.android.apps.unveil,CAMERA,INTERNAL,1.1531406629964425,1.2222222222222217,1.2180185758513933
com.google.android.gm,GET_ACCOUNTS,INTERNAL,0.8423233652080317,1.4736842105263153,1.0242183235867448
com.google.android.gm,READ_CONTACTS,INTERNAL,0.4888084749023097,1.2,0.5724158926728588
com.google.android.gms,ACCESS_FINE_LOCATION,INTERNAL,0.5574059424011563,-0.21052631578947353,0.5781002506265664
com.google.android.gms,AUTHENTICATE_ACCOUNTS,INTERNAL,0.7575164870102952,1.166666666666667,0.7982280701754385
com.google.android.gms,GET_ACCOUNTS,INTERNAL,0.8379183826678901,1.5555555555555565,1.170037037037037
com.google.android.gms,READ_CONTACTS,INTERNAL,0.5123755846198376,0.5263157894736845,0.3394210526315789
com.google.android.gms,READ_PHONE_STATE,INTERNAL,0.26625533457606293,0.3684210526315788,-0.066921568627451
com.google.android.googlequicksearchbox,BLUETOOTH,INTERNAL,0.885369708994709,1.2999999999999998,0.8651176470588235
com.google.android.googlequicksearchbox,GET_ACCOUNTS,INTERNAL,0.8429441863146555,1.25,1.273561403508772
com.google.android.googlequicksearchbox,READ_CONTACTS,INTERNAL,0.51749584729273,0.3684210526315788,0.4551578947368421
com.google.android.googlequicksearchbox,SEND_SMS,INTERNAL,0.20631317878028402,0.8500000000000003,0.22422807017543864
com.google.android.maps.mytracks,ACCESS_FINE_LOCATION,INTERNAL,0.5233585531108923,1.1499999999999992,0.5981295546558704
com.google.android.maps.mytracks,BLUETOOTH,INTERNAL,0.9344096638655462,0.6499999999999999,1.0913529411764709
com.google.android.maps.mytracks,GET_ACCOUNTS,INTERNAL,0.8539569069870031,0.75,1.239586744639376
com.google.android.maps.mytracks,READ_CONTACTS,INTERNAL,0.5329405832538444,-0.6,0.5694076367389062
com.google.android.maps.mytracks,READ_PHONE_STATE,INTERNAL,0.2745286372845087,-0.25,0.34998245614035095
com.google.android.music,GET_ACCOUNTS,INTERNAL,0.8475083672825706,1.3500000000000008,1.1660799220272908
com.google.android.talk,ACCESS_FINE_LOCATION,INTERNAL,0.5378050094259199,0.6,0.06919298245614033
com.google.android.talk,CAMERA,INTERNAL,1.1365065226815778,1.2,1.4039766081871343
com.google.android.talk,GET_ACCOUNTS,INTERNAL,0.8339881050158732,1.3999999999999992,0.7814191033138403
com.google.android.talk,READ_CONTACTS,INTERNAL,0.5020573967301342,1.0500000000000005,0.5306852425180598
com.google.android.talk,READ_PHONE_STATE,INTERNAL,0.2727486327617791,0.15,0.1837816764132554
com.google.android.talk,SEND_SMS,INTERNAL,0.2257501740462266,0.8999999999999996,0.3628421052631579
com.google.android.videos,GET_ACCOUNTS,INTERNAL,0.8455435934720902,1.1000000000000005,1.2675886939571153
com.google.android.youtube,CAMERA,INTERNAL,1.1999622357854434,-0.75,1.3189872721018234
com.google.android.youtube,GET_ACCOUNTS,INTERNAL,0.8431974827254954,1.0500000000000005,1.1557816764132556
com.google.android.ytremote,GET_ACCOUNTS,INTERNAL,0.8388771961850036,1.1499999999999992,0.8722941176470589
com.google.android.ytremote,READ_PHONE_STATE,INTERNAL,0.2689887530348282,0.6,0.6833797729618165
com.google.earth,GET_ACCOUNTS,INTERNAL,0.8494822879961919,1.1578947368421058,1.0924084393991513
com.gotow.hexdefensefree,GET_ACCOUNTS,INTERNAL,0.8529211922147854,0.6842105263157898,0.6086764132553608
com.gridmob.android.funnycall,READ_PHONE_STATE,INTERNAL,0.258363170973343,0.75,0.3918377192982455
com.guidasky.android,READ_PHONE_STATE,INTERNAL,0.2778728589282682,0.8888888888888892,0.6019542483660133
com.halfbrick.fruitninjafree,ACCESS_FINE_LOCATION,INTERNAL,0.5678225670174171,-0.5,-0.07329149797570852
com.halfbrick.fruitninjafree,GET_ACCOUNTS,INTERNAL,0.8521147638160962,0.6499999999999999,0.5212177502579979
com.halfbrick.fruitninjafree,READ_PHONE_STATE,INTERNAL,0.2767883443848319,-0.2000000000000001,0.29922256621947013
com.halfbrick.jetpackjoyride,GET_ACCOUNTS,INTERNAL,0.8693239852882361,0.10000000000000005,0.6070415090012613
com.halfbrick.jetpackjoyride,READ_PHONE_STATE,INTERNAL,0.2714490531596943,-0.4499999999999998,0.11663742690058475
com.ielfgame.ironRusher,READ_PHONE_STATE,INTERNAL,0.26671528316935295,0.5,0.0381578947368421
com.igg.castleclash,GET_ACCOUNTS,INTERNAL,0.8512090776773122,0.4499999999999998,0.4335282651072124
com.igg.castleclash,READ_PHONE_STATE,INTERNAL,0.26462568671692216,-0.4499999999999998,0.34574853801169597
com.insasofttech.GhostCam,CAMERA,INTERNAL,1.1555273868333973,1.0,1.3467234262125902
com.instagram.android,ACCESS_FINE_LOCATION,INTERNAL,0.5451871471635865,0.6842105263157898,0.19264642375168686
com.instagram.android,CAMERA,INTERNAL,1.1197261538337773,1.789473684210527,1.0827887856897147
com.instagram.android,GET_ACCOUNTS,INTERNAL,0.8408961828545738,1.3333333333333333,1.0993918128654971
com.instagram.android,READ_CONTACTS,INTERNAL,0.5144549874718053,0.3529411764705882,0.6762105263157895
com.instagram.android,RECORD_AUDIO,INTERNAL,1.1284527195926295,1.2352941176470582,1.1369122807017544
com.jackdoit.lockbotfree,READ_PHONE_STATE,INTERNAL,0.2767114249114268,0.3499999999999998,0.2215028093108588
com.jb.gosms,READ_CONTACTS,INTERNAL,0.4964079191688737,1.0,0.5656491228070176
com.jb.gosms,READ_PHONE_STATE,INTERNAL,0.27135727992782394,0.05263157894736838,0.12375438596491227
com.jb.gosms,RECORD_AUDIO,INTERNAL,1.1315594281409564,1.1499999999999992,1.234954385964912
com.jb.gosms,SEND_SMS,INTERNAL,0.30968483709273187,0.5500000000000003,0.14229824561403512
com.jointhearmy,ACCESS_FINE_LOCATION,INTERNAL,0.5496199052341794,0.5199999999999997,0.38268151147098506
com.jointhearmy,READ_PHONE_STATE,INTERNAL,0.276376345221965,-0.16666666666666666,0.35780116959064334
com.kakao.talk,ACCESS_FINE_LOCATION,INTERNAL,0.5615476011812262,-0.15,0.011315789473684203
com.kakao.talk,BLUETOOTH,INTERNAL,0.9008332555244323,1.0,1.0738039215686277
com.kakao.talk,CAMERA,INTERNAL,1.1481989611534404,0.7894736842105264,1.3802865497076027
com.kakao.talk,GET_ACCOUNTS,INTERNAL,0.8396339645673729,1.1499999999999992,0.8976608187134502
com.kakao.talk,READ_CONTACTS,INTERNAL,0.5096549879744152,0.7894736842105264,0.6906315789473684
com.kakao.talk,READ_PHONE_STATE,INTERNAL,0.26882032662295074,0.31578947368421056,0.1271228070175439
com.kakao.talk,RECORD_AUDIO,INTERNAL,1.1397011642825,1.0,1.2436561403508768
com.kfactormedia.mycalendarmobile,GET_ACCOUNTS,INTERNAL,0.8481530326271683,0.6842105263157898,0.9162085769980505
com.kfactormedia.mycalendarmobile,READ_CONTACTS,INTERNAL,0.5102272065382044,0.6842105263157898,0.5847894736842106
com.kfactormedia.mycalendarmobile,READ_PHONE_STATE,INTERNAL,0.2732939321372533,-0.26315789473684226,0.08780701754385968
com.kii.safe,CAMERA,INTERNAL,1.1502337170807027,0.9411764705882354,0.9986198830409355
com.kii.safe,GET_ACCOUNTS,INTERNAL,0.8485592110951959,0.9444444444444439,1.1103567251461988
com.kii.safe,READ_PHONE_STATE,INTERNAL,0.2747540830832895,-0.2222222222222223,0.22177777777777774
com.lookout,MANAGE_ACCOUNTS,INTERNAL,1.0359500401686506,1.0,1.0621267056530213
com.magmamobile.game.BubbleBlast2,READ_PHONE_STATE,INTERNAL,0.27473088091563475,-0.6,0.3545555555555555
com.mangolee.fail.wtf.sexy.girl.wired.funny,READ_PHONE_STATE,INTERNAL,0.2809390965895841,-0.5263157894736845,0.07864912280701754
com.menueph.entertainment.russianroulette,READ_PHONE_STATE,INTERNAL,0.2722078867970383,-0.4000000000000002,0.1299766081871345
com.mobage.ww.a448.TouchHockey_android,READ_PHONE_STATE,INTERNAL,0.26694111442511054,0.6999999999999996,0.07464912280701753
com.mobage.ww.a692.Bahamut_Android,READ_PHONE_STATE,INTERNAL,0.2660666284586023,1.1000000000000005,0.4865672514619884
com.mobileroadie.TaylorSwift,READ_PHONE_STATE,INTERNAL,0.26983434585541966,0.5263157894736845,0.27215789473684215
com.mobispectra.android.apps.car2enjoy,ACCESS_FINE_LOCATION,INTERNAL,0.5289488756308152,1.4285714285714284,0.6701052631578949
com.morisoft.AndroidFreeGamENG.AOD,READ_PHONE_STATE,INTERNAL,0.27098541280964084,0.8333333333333331,0.26028654970760234
com.ms.coupleobserver,GET_ACCOUNTS,INTERNAL,0.8541591632721522,0.6999999999999996,0.8161228070175438
com.ms.coupleobserver,READ_PHONE_STATE,INTERNAL,0.26166871211205367,1.0,0.33224561403508773
com.myxer.android,READ_PHONE_STATE,INTERNAL,0.2693408979335369,0.5263157894736845,0.12532163742690053
com.netflix.mediaclient,READ_PHONE_STATE,INTERNAL,0.266430954949719,-0.10000000000000005,0.5708947368421052
com.nimbuzz,MANAGE_ACCOUNTS,INTERNAL,1.0421911737849991,0.6999999999999996,1.076927875243665
com.nordcurrent.Games101,READ_PHONE_STATE,INTERNAL,0.27267215477358875,-0.4499999999999998,0.18589473684210525
com.novalibra.cashierlive.inventory,CAMERA,INTERNAL,1.145481527386169,1.3500000000000008,1.2227426900584797
com.nvidia.tegrazone,GET_ACCOUNTS,INTERNAL,0.8538916014214445,0.7777777777777782,0.7466822612085771
com.omgpop.dstfree,READ_PHONE_STATE,INTERNAL,0.2713679625631323,-0.6875,0.6703640350877191
com.opera.browser,READ_PHONE_STATE,INTERNAL,0.2774670220152348,-0.25,0.028920536635706928
com.outfit7.mytalkingtomfree,READ_PHONE_STATE,INTERNAL,0.274677456892707,-0.3499999999999998,-0.11214035087719296
com.outfit7.mytalkingtomfree,RECORD_AUDIO,INTERNAL,1.1551231377443847,0.75,1.0557450980392151
com.outfit7.talkinggina,READ_PHONE_STATE,INTERNAL,0.27600682130641646,0.2000000000000001,-0.0795087719298246
com.outfit7.talkingpierrefree,READ_PHONE_STATE,INTERNAL,0.26869673975503616,0.6,-0.11528070175438597
com.outfit7.talkingtom,READ_PHONE_STATE,INTERNAL,0.27752170515700675,-0.8000000000000004,0.18617543859649124
com.outfit7.talkingtom,RECORD_AUDIO,INTERNAL,1.1443679035425327,1.2,1.0334134846921226
com.outfit7.talkingtom2free,READ_PHONE_STATE,INTERNAL,0.2795298418285244,-0.3499999999999998,0.035596491228070175
com.outfit7.talkingtom2free,RECORD_AUDIO,INTERNAL,1.1426360763715018,0.9499999999999995,1.0669772961816308
com.outfit7.tomlovesangelafree,READ_PHONE_STATE,INTERNAL,0.26800940878620233,0.31578947368421056,-0.06021052631578949
com.paladin.GunStrike,READ_PHONE_STATE,INTERNAL,0.2664374552368403,0.4000000000000002,0.5076608187134501
com.pandora.android,BLUETOOTH,INTERNAL,0.8592271241830065,1.2999999999999998,0.983078431372549
com.pandora.android,READ_PHONE_STATE,INTERNAL,0.2720161667649585,-0.25,0.4881169590643275
com.pedrocorp.android.guitar,RECORD_AUDIO,INTERNAL,1.1279368516636468,1.4210526315789473,1.1207244582043345
com.picsart.studio,ACCESS_FINE_LOCATION,INTERNAL,0.5558363178080286,0.3,0.07563022941970313
com.pigeon.happybdaycakelite,GET_ACCOUNTS,INTERNAL,0.8640881269969541,0.21052631578947353,0.9034210526315791
com.pigeon.happybdaycakelite,READ_PHONE_STATE,INTERNAL,0.26907041784103286,0.10000000000000005,0.22722807017543864
com.playtales.en.hanselygretel,READ_PHONE_STATE,INTERNAL,0.27210317930639777,0.09375,0.053736842105263166
com.popularapp.periodcalendar,GET_ACCOUNTS,INTERNAL,0.856670414617712,0.8500000000000003,0.7405087719298247
com.project_x.ARShooting,CAMERA,INTERNAL,1.1365497508785902,0.8947368421052635,1.0626111684439858
com.protoscomunicaciones.localizamovil,ACCESS_FINE_LOCATION,INTERNAL,0.542006680303542,0.9499999999999995,1.2370911252490198
com.qihoo.security,CAMERA,INTERNAL,1.1592549490889843,0.6,1.2391754385964915
com.qihoo.security,READ_CONTACTS,INTERNAL,0.5063901829307016,0.3,0.5521754385964912
com.qihoo.security,READ_PHONE_STATE,INTERNAL,0.2643953399505822,0.10000000000000005,0.08199999999999999
com.readingbee.studiofreeaudiobooks,RECORD_AUDIO,INTERNAL,1.1449446356538238,1.0,1.1767438169460163
com.rixment.game.rocketcraze,READ_PHONE_STATE,INTERNAL,0.26493296956746215,0.8500000000000003,0.05903508771929826
com.rocketmind.fishing,GET_ACCOUNTS,INTERNAL,0.8554577675487605,0.6999999999999996,0.49694346978557513
com.rocketmind.fishing,READ_PHONE_STATE,INTERNAL,0.26617665251325906,0.6,0.28032163742690064
com.roguerocketgames.sushichop,READ_PHONE_STATE,INTERNAL,0.26872513319065683,0.5263157894736845,0.28924561403508775
com.roidapp.photogrid,ACCESS_COARSE_LOCATION,INTERNAL,0.3866666666666668,0.3684210526315788,0.3866666666666668
com.rovio.angrybirds,READ_PHONE_STATE,INTERNAL,0.27497046250012763,-0.5789473684210529,0.09254385964912278
com.rovio.angrybirdsrio,READ_PHONE_STATE,INTERNAL,0.27627211725165274,-0.5500000000000003,-0.16131578947368422
com.rovio.angrybirdsseasons,READ_PHONE_STATE,INTERNAL,0.27147990211687284,-0.3684210526315788,-0.050333333333333334
com.rovio.angrybirdsspace.ads,READ_PHONE_STATE,INTERNAL,0.26683145618589105,-0.10000000000000005,-0.11292982456140352
com.sensacine.android,ACCESS_FINE_LOCATION,INTERNAL,0.5513664211702962,0.8999999999999996,0.5143684210526318
com.sensacine.android,READ_PHONE_STATE,INTERNAL,0.27009340279741845,0.2941176470588235,0.7457953216374271
com.seventeenbullets.android.island,READ_PHONE_STATE,INTERNAL,0.27705689337155504,-0.6,0.17154798761609907
com.sgiggle.production,ACCESS_FINE_LOCATION,INTERNAL,0.569561267643337,-0.25,0.07163157894736841
com.sgiggle.production,AUTHENTICATE_ACCOUNTS,INTERNAL,0.818831176773385,0.5500000000000003,0.9460113519091848
com.sgiggle.production,CAMERA,INTERNAL,1.124742091417763,1.3157894736842117,1.329842105263158
com.sgiggle.production,GET_ACCOUNTS,INTERNAL,0.8457837431903853,1.0500000000000005,1.0124970760233918
com.sgiggle.production,READ_CONTACTS,INTERNAL,0.5071271109674257,0.8421052631578941,0.6655376676986583
com.sgiggle.production,READ_PHONE_STATE,INTERNAL,0.26448154209647734,0.15,0.29977582846003903
com.sgiggle.production,RECORD_AUDIO,INTERNAL,1.1385976011524206,1.1578947368421058,1.1978692810457514
com.sgiggle.production,SEND_SMS,INTERNAL,0.38522023809523814,-0.3684210526315788,0.47566666666666646
com.shazam.android,ACCESS_FINE_LOCATION,INTERNAL,0.5717262145241501,0.25,0.16531578947368414
com.shazam.android,AUTHENTICATE_ACCOUNTS,INTERNAL,0.8190122147947225,0.47368421052631554,0.8713732370141044
com.shazam.android,GET_ACCOUNTS,INTERNAL,0.8447181285152606,1.0,1.1408693957115013
com.shazam.android,READ_PHONE_STATE,INTERNAL,0.27465917260493095,-0.2000000000000001,0.5109298245614035
com.shazam.android,RECORD_AUDIO,INTERNAL,1.1268298595810577,1.4500000000000002,1.2366063295493634
com.silvertree.cordysky,GET_ACCOUNTS,INTERNAL,0.8682945933957317,0.47368421052631554,1.0121052631578944
com.sirma.mobile.bible.android,GET_ACCOUNTS,INTERNAL,0.8648169109058965,0.25,0.9930701754385964
com.sixwaves.strikefleetomega,READ_PHONE_STATE,INTERNAL,0.2676681818866083,0.47368421052631554,0.4542046783625731
com.skype.raider,AUTHENTICATE_ACCOUNTS,INTERNAL,0.767404101746207,1.1176470588235292,0.6341754385964912
com.skype.raider,BLUETOOTH,INTERNAL,0.891013888888889,1.0588235294117647,1.0700000000000003
com.skype.raider,CAMERA,INTERNAL,1.1172256161779757,1.8333333333333341,1.3179473684210525
com.skype.raider,GET_ACCOUNTS,INTERNAL,0.8470520198664351,1.2777777777777783,1.0358596491228071
com.skype.raider,MANAGE_ACCOUNTS,INTERNAL,1.035668804465674,1.052631578947369,1.039964912280702
com.skype.raider,READ_CONTACTS,INTERNAL,0.49150309324947605,1.1052631578947367,0.6187027863777089
com.skype.raider,READ_PHONE_STATE,INTERNAL,0.26927629149617044,0.3888888888888891,0.17328070175438592
com.skype.raider,RECORD_AUDIO,INTERNAL,1.1393522851620477,1.3333333333333333,1.1713663570691433
com.smartanuj.jokes,READ_PHONE_STATE,INTERNAL,0.2668687974424866,1.1052631578947367,0.2657368421052632
com.socialnmobile.hd.flashlight,CAMERA,INTERNAL,1.142755936136007,1.588235294117647,1.3108245614035086
com.soundeffects.voicedoll,RECORD_AUDIO,INTERNAL,1.1406587410610374,0.9411764705882354,1.0492222222222225
com.storybird.spacebusterlite,READ_PHONE_STATE,INTERNAL,0.27297242984198467,0.75,0.4852763157894737
com.stumbleupon.android.app,GET_ACCOUNTS,INTERNAL,0.8489625979341497,1.2999999999999998,1.1851520467836256
com.supercell.clashofclans,READ_PHONE_STATE,INTERNAL,0.267611009279722,-0.25,0.23185964912280702
com.supercell.hayday,READ_PHONE_STATE,INTERNAL,0.2743320056182398,-0.5,0.15447149122807016
com.surpax.ledflashlight.panel,CAMERA,INTERNAL,1.1439516107338947,1.4736842105263153,1.3093219814241481
com.surpax.ledflashlight.panel,READ_PHONE_STATE,INTERNAL,0.27325524144887564,-0.6842105263157898,0.058376218323586734
com.tapjoy.tapdefense,READ_PHONE_STATE,INTERNAL,0.2699927870447869,0.2000000000000001,0.562138888888889
com.tencent.mm,ACCESS_COARSE_LOCATION,INTERNAL,0.5041491228070175,-0.10000000000000005,0.5041491228070175
com.tencent.mm,ACCESS_FINE_LOCATION,INTERNAL,0.5645733213698136,0.05263157894736838,0.26045614035087716
com.tencent.mm,AUTHENTICATE_ACCOUNTS,INTERNAL,0.7980242295639614,0.8000000000000004,0.7250887512899895
com.tencent.mm,BLUETOOTH,INTERNAL,0.8829364690320572,1.3500000000000008,1.0185882352941182
com.tencent.mm,CAMERA,INTERNAL,1.146020836050303,1.2,1.4521578947368423
com.tencent.mm,GET_ACCOUNTS,INTERNAL,0.8469832484592954,0.6315789473684211,1.1618460038986351
com.tencent.mm,MANAGE_ACCOUNTS,INTERNAL,1.0417595936246606,0.8947368421052635,1.070727095516569
com.tencent.mm,READ_CONTACTS,INTERNAL,0.5119165609330885,0.6,0.7175345717234262
com.tencent.mm,READ_PHONE_STATE,INTERNAL,0.2742681424629092,0.0,0.24442300194931774
com.tencent.mm,RECORD_AUDIO,INTERNAL,1.1309066910269183,1.1000000000000005,1.193533195734434
com.tgb.kingkong,READ_PHONE_STATE,INTERNAL,0.27055201781562715,0.5789473684210529,-0.03561403508771931
com.tgb.nationsatwar,GET_ACCOUNTS,INTERNAL,0.8536620772969029,0.6,0.6053489278752437
com.tgb.nationsatwar,READ_PHONE_STATE,INTERNAL,0.2729680278216596,0.7368421052631576,0.2760175438596491
com.thechive,READ_PHONE_STATE,INTERNAL,0.26933616300369506,0.6499999999999999,-0.05625146198830407
com.thomson.pediatrics,READ_PHONE_STATE,INTERNAL,0.2704455281834886,0.620689655172414,0.28896026831785343
com.tripadvisor.tripadvisor,MANAGE_ACCOUNTS,INTERNAL,1.04153669204383,0.8947368421052635,1.1255029239766083
com.triposo.droidguide.amsterdam,ACCESS_FINE_LOCATION,INTERNAL,0.5402205384023246,1.4500000000000002,0.4402350877192981
com.tumblr,AUTHENTICATE_ACCOUNTS,INTERNAL,0.8406647132919065,0.10526315789473677,0.8524901960784314
com.tumblr,MANAGE_ACCOUNTS,INTERNAL,1.0265533174637922,1.1000000000000005,1.053898635477583
com.twitter.android,ACCESS_FINE_LOCATION,INTERNAL,0.5646570338820802,0.15,0.1442982456140351
com.twitter.android,AUTHENTICATE_ACCOUNTS,INTERNAL,0.792657351210499,0.8500000000000003,0.7229009287925696
com.twitter.android,GET_ACCOUNTS,INTERNAL,0.8387454061255374,1.1000000000000005,1.0630175438596494
com.twitter.android,MANAGE_ACCOUNTS,INTERNAL,1.0103835404743557,1.3157894736842117,1.0393138401559454
com.twitter.android,READ_CONTACTS,INTERNAL,0.5174640884598182,0.3,0.7583477812177501
com.twitter.android,READ_PHONE_STATE,INTERNAL,0.26182457304226303,0.25,0.14286354775828458
com.uken.android.ageoflegends,READ_PHONE_STATE,INTERNAL,0.27528539027038657,0.3684210526315788,0.4906666666666665
com.uken.android.forcesofwar,READ_PHONE_STATE,INTERNAL,0.265941013799099,0.8999999999999996,0.4670745614035088
com.uken.android.novawars,READ_PHONE_STATE,INTERNAL,0.2758736623792179,0.5,0.45836842105263176
com.uken.android.thestreetz,READ_PHONE_STATE,INTERNAL,0.2683575067440224,0.4499999999999998,0.48986403508771936
com.uken.android.villains,READ_PHONE_STATE,INTERNAL,0.27051174261986904,0.8125,0.4275394736842105
com.v1_4.BBA3CFAB607CAEDBB1025D6C.com,READ_PHONE_STATE,INTERNAL,0.2765539479906974,-0.5,0.4387216469164798
com.viber.voip,ACCESS_FINE_LOCATION,INTERNAL,0.5474126018864847,0.4499999999999998,0.2096491228070176
com.viber.voip,BLUETOOTH,INTERNAL,0.8601939386865858,1.2,0.9543529411764706
com.viber.voip,GET_ACCOUNTS,INTERNAL,0.8590531022742806,0.8500000000000003,0.9941890838206626
com.viber.voip,MANAGE_ACCOUNTS,INTERNAL,1.0180875987044717,1.2222222222222217,1.0011052631578947
com.viber.voip,READ_CONTACTS,INTERNAL,0.5036408584440826,0.6,0.7249411764705883
com.viber.voip,READ_PHONE_STATE,INTERNAL,0.2732061542268296,0.15,0.1613625730994152
com.viber.voip,RECORD_AUDIO,INTERNAL,1.1442575054813553,1.1052631578947367,1.2481971104231164
com.vkontakte.android,AUTHENTICATE_ACCOUNTS,INTERNAL,0.8030971770174555,0.6499999999999999,0.7133477812177502
com.vkontakte.android,CAMERA,INTERNAL,1.150120176722219,0.9499999999999995,1.2792280701754388
com.vkontakte.android,GET_ACCOUNTS,INTERNAL,0.8508541320561895,0.5,1.1259122807017543
com.vkontakte.android,MANAGE_ACCOUNTS,INTERNAL,1.0454231474070654,0.6470588235294118,0.9976354775828461
com.vkontakte.android,READ_CONTACTS,INTERNAL,0.5313759651328492,0.4000000000000002,0.5473508771929827
com.vkontakte.android,READ_PHONE_STATE,INTERNAL,0.26552794466751234,-0.31578947368421056,0.04028070175438598
com.vkontakte.android,RECORD_AUDIO,INTERNAL,1.1553492301427528,0.75,1.1810423116615065
com.waze,ACCESS_FINE_LOCATION,INTERNAL,0.5255014766175994,1.2631578947368423,0.760654520917679
com.waze,READ_CONTACTS,INTERNAL,0.5179342384809599,0.05263157894736838,0.33692982456140363
com.waze,RECORD_AUDIO,INTERNAL,1.1606617632501834,0.6315789473684211,1.1500216718266256
com.webview.sazucafe,READ_PHONE_STATE,INTERNAL,0.26786841090706365,0.4705882352941177,0.554317604355717
com.westriversw.CatWar,READ_PHONE_STATE,INTERNAL,0.2690371387732146,0.4499999999999998,0.6831520467836257
com.westriversw.MushroomWar,READ_PHONE_STATE,INTERNAL,0.26975819286563907,0.8500000000000003,0.6171988304093569
com.westriversw.SvsM2,READ_PHONE_STATE,INTERNAL,0.2694504726617211,0.4000000000000002,0.5490526315789473
com.westriversw.svsm,READ_PHONE_STATE,INTERNAL,0.26237285118271064,0.6842105263157898,0.2748654970760233
com.whatsapp,ACCESS_FINE_LOCATION,INTERNAL,0.5582540899140022,0.0,0.003140350877192985
com.whatsapp,AUTHENTICATE_ACCOUNTS,INTERNAL,0.7658494130663891,1.0500000000000005,0.8214901960784314
com.whatsapp,CAMERA,INTERNAL,1.1216920459810964,1.3500000000000008,1.2105847953216375
com.whatsapp,GET_ACCOUNTS,INTERNAL,0.8493036313636877,0.75,1.0021929824561404
com.whatsapp,READ_CONTACTS,INTERNAL,0.5026146741661781,0.8000000000000004,0.7813157894736843
com.whatsapp,READ_PHONE_STATE,INTERNAL,0.27238023922195664,0.2000000000000001,0.3888859649122808
com.whatsapp,RECORD_AUDIO,INTERNAL,1.1292833426290836,1.3999999999999992,1.1362795321637427
com.whatsapp,SEND_SMS,INTERNAL,0.27886264271790584,0.10000000000000005,0.3890175438596492
com.wooga.diamonddash,GET_ACCOUNTS,INTERNAL,0.8671339810864797,0.15,0.9045064786148377
com.x3anywhere,CAMERA,INTERNAL,1.1404815238856718,1.0,1.3432652218782253
com.xfinity.tv,READ_PHONE_STATE,INTERNAL,0.2590217894951158,1.25,0.5082631578947366
com.yahoo.mobile.client.android.im,MANAGE_ACCOUNTS,INTERNAL,1.0156232705616952,1.1000000000000005,1.0088304093567253
com.yahoo.mobile.client.android.mail,AUTHENTICATE_ACCOUNTS,INTERNAL,0.763767073865629,1.1000000000000005,0.654574131406949
com.yahoo.mobile.client.android.mail,GET_ACCOUNTS,INTERNAL,0.8378508515043042,1.1499999999999992,0.8325789473684212
com.yahoo.mobile.client.android.mail,MANAGE_ACCOUNTS,INTERNAL,0.9956129328124513,1.3999999999999992,0.9426542827657384
com.yahoo.mobile.client.android.mail,READ_CONTACTS,INTERNAL,0.4992090133194463,0.5500000000000003,0.6433859649122806
com.yahoo.mobile.client.android.mail,READ_PHONE_STATE,INTERNAL,0.2777393392578778,-0.10000000000000005,0.1526315789473684
com.yahoo.mobile.client.android.weather,MANAGE_ACCOUNTS,INTERNAL,1.0446895132221932,0.6499999999999999,1.0958482972136219
com.zynga.words,ACCESS_FINE_LOCATION,INTERNAL,0.5772214877902618,-0.7368421052631576,0.21552631578947368
com.zynga.words,AUTHENTICATE_ACCOUNTS,INTERNAL,0.7695024673087106,1.0,0.7419256965944272
com.zynga.words,GET_ACCOUNTS,INTERNAL,0.8363989001981459,0.8999999999999996,0.845046783625731
com.zynga.words,READ_CONTACTS,INTERNAL,0.5279881178776867,-0.15789473684210528,0.7118740970072241
com.zynga.words,READ_PHONE_STATE,INTERNAL,0.2746487342600819,-0.15,-0.12210916179337229
com.zynga.words,SEND_SMS,INTERNAL,0.31644037176274015,-0.15,-0.021491228070175436
de.eos.uptrade.android.fahrinfo.salzburg,ACCESS_FINE_LOCATION,INTERNAL,0.5311049088218649,1.3846153846153846,0.5321765275257108
de.hyperworx.spreewald,ACCESS_FINE_LOCATION,INTERNAL,0.5350426310082234,1.172413793103448,0.6094952766531713
de.prog.frog.mekka_ad,ACCESS_FINE_LOCATION,INTERNAL,0.5265124520078922,1.208333333333333,0.9140548036758566
eu.inmite.android.vodafone.vanoce,READ_PHONE_STATE,INTERNAL,0.2745294253838028,0.23529411764705885,0.3257719298245613
fingercms.tw.com.deeplet,RECORD_AUDIO,INTERNAL,1.1429416776769137,0.8275862068965517,1.2529770589421492
game.destiniaeng,READ_PHONE_STATE,INTERNAL,0.2672283446955811,0.6499999999999999,0.6390343997248021
goldenshorestechnologies.brightestflashlight.free,CAMERA,INTERNAL,1.1297781733977252,1.5789473684210529,1.302734778121775
heinrisch.throwa.pandaad,READ_PHONE_STATE,INTERNAL,0.2699411074876684,0.5789473684210529,0.29233333333333333
itesta.shipcombat,READ_PHONE_STATE,INTERNAL,0.2660491349278008,0.9499999999999995,0.4639868421052632
jiangyou4.wallpaper.japan4,READ_PHONE_STATE,INTERNAL,0.27846775404912527,-0.16666666666666666,0.11468615984405459
jp.kmkz.android.wifimap,ACCESS_FINE_LOCATION,INTERNAL,0.5240449106291868,1.4210526315789473,0.3601052631578946
jp.naver.android.artist.ygfamily,READ_PHONE_STATE,INTERNAL,0.27154913454393054,0.5500000000000003,0.22522364735367834
jp.naver.line.android,ACCESS_COARSE_LOCATION,INTERNAL,0.3802719298245614,0.5500000000000003,0.3802719298245614
jp.naver.line.android,ACCESS_FINE_LOCATION,INTERNAL,0.5782636689963067,-0.2000000000000001,0.10736842105263157
jp.naver.line.android,GET_ACCOUNTS,INTERNAL,0.8430354781797984,0.9473684210526311,1.0228265107212473
jp.naver.line.android,READ_CONTACTS,INTERNAL,0.5248946442859366,0.10526315789473677,0.8466511867905055
jp.naver.line.android,READ_PHONE_STATE,INTERNAL,0.2682776744633059,0.050000000000000024,0.21080506822612083
jp.naver.line.android,RECORD_AUDIO,INTERNAL,1.1312616483761064,1.4500000000000002,1.143350120399037
me.pou.app,BLUETOOTH,INTERNAL,0.9217633442265798,0.75,0.9451372549019609
me.pou.app,RECORD_AUDIO,INTERNAL,1.1475471992394968,0.9499999999999995,1.0841021671826627
mmapps.mirror.free,CAMERA,INTERNAL,1.1298579812700487,1.5499999999999996,1.2869252379314302
net.maicas.android.idiotizer,RECORD_AUDIO,INTERNAL,1.1424042894695787,1.1578947368421058,1.046540350877193
net.sjang.sail,GET_ACCOUNTS,INTERNAL,0.8669939335662133,0.15,0.9651072124756337
net.sjang.sail,READ_PHONE_STATE,INTERNAL,0.2713745582497124,0.5263157894736845,0.051421052631578944
nl.tetrakis.instantvoice2mail,RECORD_AUDIO,INTERNAL,1.1333819744866795,1.3599999999999997,1.178295149638803
org.invictus.froggyjumpx,READ_PHONE_STATE,INTERNAL,0.2657756724111274,0.8500000000000003,0.6438596491228071
org.mozilla.firefox,ACCESS_FINE_LOCATION,INTERNAL,0.5587406056996318,0.0,0.09533333333333331
org.mozilla.firefox,AUTHENTICATE_ACCOUNTS,INTERNAL,0.7919847065272759,0.9499999999999995,0.8251331269349844
org.mozilla.firefox,CAMERA,INTERNAL,1.1735002628221107,0.2000000000000001,0.9390175438596491
org.mozilla.firefox,GET_ACCOUNTS,INTERNAL,0.854769641672029,1.1499999999999992,0.7933333333333332
pl.redefine.ipla,READ_PHONE_STATE,INTERNAL,0.2749508333135947,0.4499999999999998,0.5632060543515653
pl.wp.programtv,READ_PHONE_STATE,INTERNAL,0.26744920038670766,0.5789473684210529,0.7251995429750847
semsix.fingerprintlovetest,READ_PHONE_STATE,INTERNAL,0.2671996510825771,0.6,0.1024502923976608
vStudio.Android.Camera360,ACCESS_FINE_LOCATION,INTERNAL,0.5668539372038844,0.15789473684210528,0.19539676113360321
vStudio.Android.Camera360,READ_PHONE_STATE,INTERNAL,0.2762312932708238,-0.5263157894736845,0.16032748538011699
vStudio.Android.Camera360,RECORD_AUDIO,INTERNAL,1.149810276400946,0.7894736842105264,1.1591909184726523
vdm.activities,READ_PHONE_STATE,INTERNAL,0.26817844248167233,0.6,0.10269078947368424
br.com.jera.vikings,ACCESS_FINE_LOCATION,MOBILE_ANALYTICS,-0.0812573649127076,-0.3,-0.07094117647058822
com.Ama.PanicFlightFree,ACCESS_FINE_LOCATION,MOBILE_ANALYTICS,-0.0944411033366525,-0.050000000000000024,0.05701960784313728
com.Ama.PanicFlightFree,READ_PHONE_STATE,MOBILE_ANALYTICS,-0.41420948499586047,-0.125,-0.35157894736842105
com.badoo.mobile,ACCESS_FINE_LOCATION,MOBILE_ANALYTICS,-0.09467148355368074,-0.15,-0.09013003095975228
com.badoo.mobile,READ_PHONE_STATE,MOBILE_ANALYTICS,-0.4044489452537541,-0.5,-0.5746873065015481
com.bigbluebubble.fatfree,READ_PHONE_STATE,MOBILE_ANALYTICS,-0.4090860150418646,-0.1875,-0.3164736842105263
com.bobgame.chickenrun2,READ_PHONE_STATE,MOBILE_ANALYTICS,-0.4092055850032506,-0.25,-0.7908421052631578
com.buzztime.android.mobileplaymaker,ACCESS_FINE_LOCATION,MOBILE_ANALYTICS,-0.09106006252784951,0.2000000000000001,-0.08538802889576882
com.com2us.caligofree,ACCESS_FINE_LOCATION,MOBILE_ANALYTICS,-0.09278820415297986,0.0,-0.01824355005159958
com.cracked.android.lite,ACCESS_FINE_LOCATION,MOBILE_ANALYTICS,-0.0860019912714058,-0.1764705882352941,-0.2175717234262126
com.creativemobile.DragRacing,READ_PHONE_STATE,MOBILE_ANALYTICS,-0.39823668304988125,-0.8000000000000004,-0.49905263157894747
com.dooub.shake.bbshake,READ_PHONE_STATE,MOBILE_ANALYTICS,-0.40405662917450597,-0.4499999999999998,-0.6287807017543859
com.dooub.shake.sjshake,READ_PHONE_STATE,MOBILE_ANALYTICS,-0.4009204172964067,-0.15789473684210528,-0.4871052631578948
com.droidhen.game.speedhiker,READ_PHONE_STATE,MOBILE_ANALYTICS,-0.4024336680878312,-0.375,-0.5097982456140352
com.easy.battery.saver,ACCESS_FINE_LOCATION,MOBILE_ANALYTICS,-0.06540978320251521,-0.8999999999999996,-0.18862125902992774
com.easy.battery.saver,READ_PHONE_STATE,MOBILE_ANALYTICS,-0.40610669622519324,-0.5500000000000003,-0.4156081871345028
com.favoritemedium,ACCESS_FINE_LOCATION,MOBILE_ANALYTICS,-0.0980653685726304,0.3,-0.15668833849329203
com.feelingtouch.FlyMan,READ_PHONE_STATE,MOBILE_ANALYTICS,-0.407856295987331,-0.15,-0.24712865497076023
com.feelingtouch.bugswar,READ_PHONE_STATE,MOBILE_ANALYTICS,-0.40564706768182174,-0.3,-0.22433333333333338
com.feelingtouch.dragon.ice,READ_PHONE_STATE,MOBILE_ANALYTICS,-0.4109099315629547,0.0,-0.5335555555555554
com.fingersoft.hillclimb,READ_PHONE_STATE,MOBILE_ANALYTICS,-0.4002649726338968,-0.8000000000000004,-0.3253464912280702
com.fitbit.FitbitMobile,BLUETOOTH,MOBILE_ANALYTICS,0.32957693974002583,0.9499999999999995,0.24098681343882591
com.fivemobile.cineplex,ACCESS_FINE_LOCATION,MOBILE_ANALYTICS,-0.10930351574766776,0.2000000000000001,-0.24853044375644992
com.gameforge.xmobile.war,READ_PHONE_STATE,MOBILE_ANALYTICS,-0.40589730771558813,-0.4000000000000002,-0.4982985896112829
com.gameinsight.enchantedrealm,ACCESS_FINE_LOCATION,MOBILE_ANALYTICS,-0.09651663544098533,0.050000000000000024,-0.16489473684210518
com.gamelion.ck,READ_PHONE_STATE,MOBILE_ANALYTICS,-0.41518239744118385,0.3499999999999998,-0.2952763157894737
com.gameloft.android.ANMP.GloftIAHM,READ_PHONE_STATE,MOBILE_ANALYTICS,-0.3904226482230952,-0.75,-0.32710629514963885
com.geogame.event,ACCESS_FINE_LOCATION,MOBILE_ANALYTICS,-0.13661625741722597,1.0,-0.2818968008255933
com.imangi.templerun2,READ_PHONE_STATE,MOBILE_ANALYTICS,-0.38815077739783077,-0.8999999999999996,-0.5731228070175439
com.kiloo.subwaysurf,READ_PHONE_STATE,MOBILE_ANALYTICS,-0.39129617540654604,-1.1000000000000005,-0.6351929824561402
com.menueph.entertainment.finger,READ_PHONE_STATE,MOBILE_ANALYTICS,-0.40872064991726753,-0.3333333333333333,-0.2936842105263158
com.menueph.entertainment.russianroulette,ACCESS_FINE_LOCATION,MOBILE_ANALYTICS,-0.08532125805937678,-0.5263157894736845,-0.1636274509803921
com.menueph.entertainment.russianroulette,READ_PHONE_STATE,MOBILE_ANALYTICS,-0.4130341715726881,-0.26315789473684226,-0.3259649122807017
com.mobage.ww.a448.TouchHockey_android,ACCESS_FINE_LOCATION,MOBILE_ANALYTICS,-0.1058992607823099,0.0,-0.20868421052631578
com.mobage.ww.a692.Bahamut_Android,ACCESS_FINE_LOCATION,MOBILE_ANALYTICS,-0.0989825583303044,0.050000000000000024,-0.13291228070175437
com.myxer.android,ACCESS_FINE_LOCATION,MOBILE_ANALYTICS,-0.10314004989055073,-0.05263157894736838,-0.4987678018575851
com.netflix.mediaclient,READ_PHONE_STATE,MOBILE_ANALYTICS,-0.41189140130571655,-0.25,-0.3470884646256162
com.nordcurrent.Games101,READ_PHONE_STATE,MOBILE_ANALYTICS,-0.39865468148414646,-0.8500000000000003,-0.559812865497076
com.omgpop.dstfree,READ_PHONE_STATE,MOBILE_ANALYTICS,-0.4029652341142826,-0.7894736842105264,-0.5867543859649123
com.outfit7.mytalkingtomfree,READ_PHONE_STATE,MOBILE_ANALYTICS,-0.4026831355330619,-0.5500000000000003,-0.40864912280701765
com.outfit7.talkingtom,READ_PHONE_STATE,MOBILE_ANALYTICS,-0.4048544780057673,-0.6499999999999999,-0.47918111455108353
com.outfit7.talkingtom2free,READ_PHONE_STATE,MOBILE_ANALYTICS,-0.39637459402390285,-0.6499999999999999,-0.4254912280701755
com.outfit7.tomlovesangelafree,READ_PHONE_STATE,MOBILE_ANALYTICS,-0.39740664891642474,-0.47368421052631554,-0.5829969040247678
com.playtales.en.hanselygretel,READ_PHONE_STATE,MOBILE_ANALYTICS,-0.3936444905426162,-0.875,-0.32397385620915026
com.robotwheelie.android.facegoo,ACCESS_FINE_LOCATION,MOBILE_ANALYTICS,-0.10187659670851484,0.2941176470588235,-0.3004860681114551
com.rocketmind.fishing,ACCESS_FINE_LOCATION,MOBILE_ANALYTICS,-0.09343655936804535,0.10000000000000005,-0.17346542827657382
com.rovio.amazingalex.trial,READ_PHONE_STATE,MOBILE_ANALYTICS,-0.4229443237975992,0.31578947368421056,-0.6325789473684211
com.rovio.angrybirds,READ_PHONE_STATE,MOBILE_ANALYTICS,-0.3994492923158226,-0.75,-0.39286842105263164
com.rovio.angrybirdsrio,READ_PHONE_STATE,MOBILE_ANALYTICS,-0.4038762196355419,-0.5,-0.45221052631578945
com.rovio.angrybirdsseasons,READ_PHONE_STATE,MOBILE_ANALYTICS,-0.4056129642016649,-0.5,-0.4280350877192981
com.rovio.angrybirdsspace.ads,READ_PHONE_STATE,MOBILE_ANALYTICS,-0.40124474198163873,-0.6999999999999996,-0.3863859649122807
com.seventeenbullets.android.island,READ_PHONE_STATE,MOBILE_ANALYTICS,-0.39509794718395425,-0.6,-0.3991461988304094
com.shazam.android,ACCESS_FINE_LOCATION,MOBILE_ANALYTICS,-0.06996224240046187,-0.6999999999999996,-0.13696284829721359
com.shazam.android,READ_PHONE_STATE,MOBILE_ANALYTICS,-0.3900641947484636,-0.6999999999999996,-0.30342202729044837
com.sirma.mobile.bible.android,READ_PHONE_STATE,MOBILE_ANALYTICS,-0.3998709949925244,-0.5,-0.36031750945992436
com.sixwaves.strikefleetomega,READ_PHONE_STATE,MOBILE_ANALYTICS,-0.4254688833923034,0.47368421052631554,-0.4687836257309942
com.skype.raider,READ_PHONE_STATE,MOBILE_ANALYTICS,-0.41003847006136535,-0.05882352941176471,-0.5258596491228072
com.speaktoit.assistant,BLUETOOTH,MOBILE_ANALYTICS,0.487910273073359,0.6999999999999996,0.546877192982456
com.stumbleupon.android.app,READ_PHONE_STATE,MOBILE_ANALYTICS,-0.4260713290999095,0.75,-0.22587134502923975
com.surpax.ledflashlight.panel,READ_PHONE_STATE,MOBILE_ANALYTICS,-0.3930016899338332,-0.6315789473684211,-0.49479532163742684
com.tgb.kingkong,READ_PHONE_STATE,MOBILE_ANALYTICS,-0.410981954492484,-0.26315789473684226,-0.5633274853801171
com.tgb.nationsatwar,READ_PHONE_STATE,MOBILE_ANALYTICS,-0.40287160709349235,-0.16666666666666666,-0.5498771929824561
com.thechive,ACCESS_FINE_LOCATION,MOBILE_ANALYTICS,-0.08410134236704508,-0.15789473684210528,0.09609803921568623
com.tvb.tvbfun,ACCESS_FINE_LOCATION,MOBILE_ANALYTICS,-0.08222828552555124,-0.10000000000000005,-0.15325283797729616
com.twentythreedivide.hsw,READ_PHONE_STATE,MOBILE_ANALYTICS,-0.4108927944073261,0.050000000000000024,-0.11317543859649122
com.wooga.diamonddash,READ_PHONE_STATE,MOBILE_ANALYTICS,-0.40482610630264565,-0.5500000000000003,-0.6067719298245614
com.xfinity.tv,READ_PHONE_STATE,MOBILE_ANALYTICS,-0.41145526110649133,-0.11111111111111115,-0.31017285861713106
com.zynga.words,ACCESS_FINE_LOCATION,MOBILE_ANALYTICS,-0.07527646524429778,-0.75,0.01308771929824562
com.zynga.words,READ_PHONE_STATE,MOBILE_ANALYTICS,-0.40359565967576894,-0.4499999999999998,-0.4281042311661506
game.activity,ACCESS_FINE_LOCATION,MOBILE_ANALYTICS,-0.11299172521634636,0.5,-0.14251393188854494
jiangyou4.wallpaper.japan4,ACCESS_FINE_LOCATION,MOBILE_ANALYTICS,-0.07196570923872235,-0.5,-0.33541176470588235
jiangyou4.wallpaper.japan4,READ_PHONE_STATE,MOBILE_ANALYTICS,-0.40546834980303725,-0.31578947368421056,-0.4115789473684211
logos.quiz.companies.game,READ_PHONE_STATE,MOBILE_ANALYTICS,-0.3932865456013136,-0.6999999999999996,-0.5306140350877192
net.eclerstudios.thewhipsoundapp,READ_PHONE_STATE,MOBILE_ANALYTICS,-0.40379984863334145,-0.26315789473684226,-0.364476206857012
net.tsunamisoft.fanmusic,READ_PHONE_STATE,MOBILE_ANALYTICS,-0.40206107026582194,-0.6999999999999996,-0.26284393991514743
vStudio.Android.Camera360,ACCESS_FINE_LOCATION,MOBILE_ANALYTICS,-0.07352270917682978,-0.588235294117647,0.012776057791537674
vStudio.Android.Camera360,READ_PHONE_STATE,MOBILE_ANALYTICS,-0.40952863136326134,-0.6666666666666666,-0.23639473684210524
air.couk.hamzagames.ultimatesmasher,READ_PHONE_STATE,TARGETED_ADS,-0.32354705523627453,-0.05263157894736838,-0.16932817337461298
amep.games.af_final,READ_PHONE_STATE,TARGETED_ADS,-0.3269522881925941,-0.21052631578947353,-0.25351461988304097
atticlab.ScaryMazedGame,READ_PHONE_STATE,TARGETED_ADS,-0.3245241449119831,-0.25,-0.26296491228070173
atticlab.whip,READ_PHONE_STATE,TARGETED_ADS,-0.3251154049081188,-0.3,-0.2773194014447885
br.com.jera.vikings,READ_PHONE_STATE,TARGETED_ADS,-0.3273039272763714,0.0,-0.42935087719298254
ch.xot.droid_catcher,ACCESS_FINE_LOCATION,TARGETED_ADS,-0.44407260946279925,-0.6896551724137935,-0.583138286893705
com.Ama.PanicFlightFree,READ_PHONE_STATE,TARGETED_ADS,-0.32202617321467814,0.23529411764705885,-0.3366830065359477
com.Conquer3.Kingdoms.game.good.haha,READ_PHONE_STATE,TARGETED_ADS,-0.324807849095249,-0.4000000000000002,-0.5043606237816763
com.alaskajim.whosingsit1990s,READ_PHONE_STATE,TARGETED_ADS,-0.31658136942841025,-0.7647058823529417,-0.04604721362229105
com.alpha_aps.naked_scanner,ACCESS_FINE_LOCATION,TARGETED_ADS,-0.44599208000242524,-0.8999999999999996,-0.594530701754386
com.alpha_aps.naked_scanner,READ_PHONE_STATE,TARGETED_ADS,-0.32403465758722466,-0.3499999999999998,-0.5842105263157895
com.androp.cube.dolphin,READ_PHONE_STATE,TARGETED_ADS,-0.32599230509942945,0.0,-0.27584588923288605
com.animoca.prettyPetSalonSeasons,READ_PHONE_STATE,TARGETED_ADS,-0.32524914577550257,-0.31578947368421056,-0.35258333333333325
com.appmania.ironwars.hd,READ_PHONE_STATE,TARGETED_ADS,-0.3245044600613055,-0.10000000000000005,-0.258719298245614
com.appmox.jgirl,READ_PHONE_STATE,TARGETED_ADS,-0.31122399854727,-1.2999999999999998,-0.37924561403508766
com.artofbytes.gravedefence.hd.free,READ_PHONE_STATE,TARGETED_ADS,-0.31816577851228717,-0.5,-0.37704093567251457
com.berobo.android.scanner,ACCESS_FINE_LOCATION,TARGETED_ADS,-0.45306903811028876,-0.26315789473684226,-0.3909525283797729
com.berobo.android.scanner,READ_PHONE_STATE,TARGETED_ADS,-0.3224417599706861,-0.4499999999999998,-0.2706666666666668
com.bestcoolfungames.antsmasher,ACCESS_FINE_LOCATION,TARGETED_ADS,-0.4411959565853667,-0.8000000000000004,-0.40283178534571723
com.bestcoolfungames.antsmasher,RECORD_AUDIO,TARGETED_ADS,-0.8288888888888888,-1.3500000000000008,-0.8288888888888888
com.bigbluebubble.fatfree,READ_PHONE_STATE,TARGETED_ADS,-0.32851571913741806,-0.1875,-0.14644444444444443
com.bodyfitness.health.bnht,READ_PHONE_STATE,TARGETED_ADS,-0.32936646230112,-0.15,-0.32908926728586174
com.breakapps.breakdotcom,ACCESS_FINE_LOCATION,TARGETED_ADS,-0.46482135750767184,-0.31578947368421056,-0.5926637889973806
com.codemonkey.titanturret,READ_PHONE_STATE,TARGETED_ADS,-0.327076443366048,-0.10000000000000005,-0.23216821465428278
com.codingcaveman.SoloTrial,READ_PHONE_STATE,TARGETED_ADS,-0.3264594106021333,-0.11764705882352942,-0.35491640866873053
com.com2us.imo.normal.freefull.google.global.android.common,READ_PHONE_STATE,TARGETED_ADS,-0.32282165835122034,-0.1875,-0.25360233918128655
com.com2us.inotia3.normal.freefull.google.global.android.common,READ_PHONE_STATE,TARGETED_ADS,-0.323686256830517,-0.05263157894736838,-0.28359210526315787
com.com2us.minigameparadise.normal.freefull.google.global.android.common,READ_PHONE_STATE,TARGETED_ADS,-0.3316649199778208,-0.16666666666666666,-0.2117982456140351
com.com2us.ovenbreak.normal.freefull.google.global.android.common,READ_PHONE_STATE,TARGETED_ADS,-0.32435381704742394,-0.26315789473684226,-0.22864035087719298
com.cracked.android.lite,ACCESS_FINE_LOCATION,TARGETED_ADS,-0.4540316876947959,-0.23529411764705885,-0.35915969410706255
com.creativemobile.DragRacing,READ_PHONE_STATE,TARGETED_ADS,-0.3126527974992475,-0.8500000000000003,-0.2867105263157894
com.darksummoner,READ_PHONE_STATE,TARGETED_ADS,-0.32006948571159766,-0.47368421052631554,-0.298438596491228
com.dedalord.runningfred,READ_PHONE_STATE,TARGETED_ADS,-0.3225565083043319,-0.31578947368421056,-0.2332105263157894
com.dogsbestlivewallpaper.dogs,ACCESS_FINE_LOCATION,TARGETED_ADS,-0.45317496211450764,-0.5500000000000003,-0.6459649122807019
com.dogsbestlivewallpaper.dogs,READ_PHONE_STATE,TARGETED_ADS,-0.3242787836300742,-0.4000000000000002,-0.279287270463741
com.dragonplay.liveholdempro,READ_PHONE_STATE,TARGETED_ADS,-0.3233513887073562,-0.6,-0.15082570806100218
com.dreamcortex.talkingPet_android,READ_PHONE_STATE,TARGETED_ADS,-0.3201893415329629,-0.5500000000000003,-0.54053216374269
com.dreamfabpapaya.savingyello,READ_PHONE_STATE,TARGETED_ADS,-0.3292443304442119,-0.050000000000000024,-0.25074303405572756
com.droidhen.game.speedhiker,READ_PHONE_STATE,TARGETED_ADS,-0.32419354464796846,-0.5789473684210529,-0.2513632610939113
com.duckygo.shoottheducks,ACCESS_FINE_LOCATION,TARGETED_ADS,-0.43769411367648486,-0.5789473684210529,-0.4590394736842105
com.emrosswar,READ_PHONE_STATE,TARGETED_ADS,-0.32793053117216403,0.050000000000000024,-0.3423596491228069
com.er.popularfunny,READ_PHONE_STATE,TARGETED_ADS,-0.32215733840521127,-0.15,-0.0656022245155372
com.er.scary,READ_PHONE_STATE,TARGETED_ADS,-0.3236275272638091,-0.26315789473684226,-0.15806318082788667
com.expedition107.bells.light,READ_PHONE_STATE,TARGETED_ADS,-0.3196334896009082,-0.5,-0.2840330237358101
com.favoritemedium,ACCESS_FINE_LOCATION,TARGETED_ADS,-0.46233077675869055,-0.10000000000000005,-0.45104272842740334
com.favoritemedium,READ_PHONE_STATE,TARGETED_ADS,-0.3251822859864561,0.10000000000000005,-0.1432450980392157
com.feelingtouch.FlyMan,READ_PHONE_STATE,TARGETED_ADS,-0.3254881398392819,-0.050000000000000024,-0.014899896800825606
com.feelingtouch.bugswar,READ_PHONE_STATE,TARGETED_ADS,-0.33207647511698635,0.6999999999999996,-0.1910175438596491
com.feelingtouch.dragon.ice,READ_PHONE_STATE,TARGETED_ADS,-0.31945498001229045,-0.050000000000000024,-0.22835087719298253
com.fingersoft.nightvisioncamera,READ_PHONE_STATE,TARGETED_ADS,-0.3217749554243478,-0.5263157894736845,-0.45619091847265214
com.fivemobile.cineplex,ACCESS_FINE_LOCATION,TARGETED_ADS,-0.4865176205563508,0.3,-0.41219988886242753
com.forrestheller.trippingfest.free,ACCESS_FINE_LOCATION,TARGETED_ADS,-0.43731631299243984,-0.9444444444444439,-0.5085714285714287
com.forrestheller.trippingfest.free,READ_PHONE_STATE,TARGETED_ADS,-0.3236954179693205,-0.2222222222222223,-0.5440175438596491
com.forshared,READ_PHONE_STATE,TARGETED_ADS,-0.31730768328991943,-0.9411764705882354,-0.18887478500171997
com.fractiv.lanesplitter,READ_PHONE_STATE,TARGETED_ADS,-0.3234072255096214,0.0,-0.30436738906088756
com.fridgecat.android.atiltlite,READ_PHONE_STATE,TARGETED_ADS,-0.3198519527293561,-0.4000000000000002,-0.22959649122807022
com.funny.meme,READ_PHONE_STATE,TARGETED_ADS,-0.32523164980742714,-0.4000000000000002,-0.31536635706914345
com.gamecircus.PrizeClaw,READ_PHONE_STATE,TARGETED_ADS,-0.3252479300986203,-0.3,-0.2435185185185185
com.gameforge.xmobile.war,READ_PHONE_STATE,TARGETED_ADS,-0.32569621769289253,0.15,-0.17612865497076027
com.gameinsight.crimestory,READ_PHONE_STATE,TARGETED_ADS,-0.3223715063101211,-0.050000000000000024,-0.3184901960784314
com.gameinsight.funnylovetest,READ_PHONE_STATE,TARGETED_ADS,-0.32932725553439635,0.0,0.02990196078431371
com.gameinsight.kingdom,READ_PHONE_STATE,TARGETED_ADS,-0.31997344456585813,-0.7894736842105264,-0.33348099415204663
com.gameinsight.myclinic,READ_PHONE_STATE,TARGETED_ADS,-0.32935860800538025,0.0625,-0.3288872180451128
com.gamelion.ck,READ_PHONE_STATE,TARGETED_ADS,-0.31988754488014454,-0.5500000000000003,-0.032673116615067097
com.gameloft.android.ANMP.GloftDMHM,READ_PHONE_STATE,TARGETED_ADS,-0.31860780481002726,-0.8000000000000004,-0.23546302029583757
com.gameloft.android.ANMP.GloftIAHM,READ_PHONE_STATE,TARGETED_ADS,-0.3198850350333345,-0.6999999999999996,-0.2079174406604748
com.gamevil.cartoonwars.one.global,READ_PHONE_STATE,TARGETED_ADS,-0.3224017075136512,-0.15,-0.3209356725146199
com.gamevil.cartoonwars.two.global,READ_PHONE_STATE,TARGETED_ADS,-0.3240615986075478,-0.3333333333333333,-0.27914035087719297
com.geogame.event,READ_PHONE_STATE,TARGETED_ADS,-0.3228094645579716,0.0,-0.49396296296296305
com.gjmatw.android.app,ACCESS_FINE_LOCATION,TARGETED_ADS,-0.4708526529066127,-0.23529411764705885,-0.2022487629329735
com.glu.android.ck,READ_PHONE_STATE,TARGETED_ADS,-0.3267512284711625,0.10000000000000005,-0.13335867446393762
com.glu.android.gunbros_free,READ_PHONE_STATE,TARGETED_ADS,-0.32545135341950954,-0.050000000000000024,-0.13242884990253415
com.gridmob.android.funnycall,READ_PHONE_STATE,TARGETED_ADS,-0.32244761153599283,-0.25,-0.1437729618163055
com.halfbrick.fruitninjafree,ACCESS_COARSE_LOCATION,TARGETED_ADS,-0.5090172125716591,-0.6499999999999999,-0.5474966727162734
com.halfbrick.fruitninjafree,ACCESS_FINE_LOCATION,TARGETED_ADS,-0.42839906049870863,-1.1499999999999992,-0.45228070175438595
com.halfbrick.fruitninjafree,READ_PHONE_STATE,TARGETED_ADS,-0.3239536487089286,-0.5263157894736845,-0.17339834881320954
com.halfbrick.jetpackjoyride,ACCESS_COARSE_LOCATION,TARGETED_ADS,-0.5201470810647307,-0.6,-0.567995765275257
com.halfbrick.jetpackjoyride,READ_PHONE_STATE,TARGETED_ADS,-0.32034824096801834,-0.5500000000000003,-0.3902280701754386
com.hyperkani.hyppely,READ_PHONE_STATE,TARGETED_ADS,-0.32696853450379326,-0.2000000000000001,-0.17972807017543863
com.ielfgame.ironRusher,READ_PHONE_STATE,TARGETED_ADS,-0.31959510830447196,-0.31578947368421056,-0.09798050682261206
com.igg.castleclash,READ_PHONE_STATE,TARGETED_ADS,-0.3157619660092571,-1.2,-0.38376023391812875
com.insasofttech.GhostCam,READ_PHONE_STATE,TARGETED_ADS,-0.3217722126726286,-0.3,-0.3187605779153767
com.insasofttech.TattooCam,READ_PHONE_STATE,TARGETED_ADS,-0.3235344580931073,-0.588235294117647,-0.2075056759545923
com.kakao.talk,ACCESS_COARSE_LOCATION,TARGETED_ADS,-0.5515417482883452,-0.3,-0.5047326073805202
com.kakao.talk,ACCESS_FINE_LOCATION,TARGETED_ADS,-0.46337371751450324,-0.4000000000000002,-0.3754605263157894
com.kaosu.i.battery.ppochi,BLUETOOTH,TARGETED_ADS,-0.28591132502156835,-0.8888888888888892,-0.2946315789473685
com.kauf.talking.baum.TalkingJamesSquirrel,READ_PHONE_STATE,TARGETED_ADS,-0.3169501504136602,-0.4499999999999998,-0.32728070175438584
com.kfactormedia.mycalendarmobile,READ_PHONE_STATE,TARGETED_ADS,-0.3252580716896392,-0.6111111111111108,-0.17973684210526314
com.klik.games.fastball2,READ_PHONE_STATE,TARGETED_ADS,-0.32665122436160116,0.25,-0.26025000000000004
com.lavapps.AirTrafficControlLite,READ_PHONE_STATE,TARGETED_ADS,-0.32086806651104177,-0.4000000000000002,-0.08326315789473684
com.lily.times.rabbit1.all,READ_PHONE_STATE,TARGETED_ADS,-0.3253068428967968,-0.26315789473684226,-0.5575614035087721
com.magmamobile.game.BubbleBlast2,READ_PHONE_STATE,TARGETED_ADS,-0.32204017840851934,-0.6,-0.3560731567480794
com.magmamobile.game.mousetrap,READ_PHONE_STATE,TARGETED_ADS,-0.32042367170995995,-0.7222222222222218,-0.2649298245614035
com.magmamobile.game.soccer,READ_PHONE_STATE,TARGETED_ADS,-0.3219533264546984,-0.3499999999999998,-0.0599561403508772
com.menueph.entertainment.russianroulette,ACCESS_FINE_LOCATION,TARGETED_ADS,-0.47301573046538964,0.0,-0.5543139834881319
com.menueph.entertainment.russianroulette,READ_PHONE_STATE,TARGETED_ADS,-0.3220802150538614,-0.5,-0.41839009287925705
com.mindSpringLabs.sithSaber,READ_PHONE_STATE,TARGETED_ADS,-0.3180580339798766,-0.8000000000000004,-0.1769649122807017
com.miniclip.fraggerfree,READ_PHONE_STATE,TARGETED_ADS,-0.3219302179517838,-0.15,-0.25424561403508766
com.mirasoftapps.nudescanner,READ_PHONE_STATE,TARGETED_ADS,-0.31156692355298643,-1.0,-0.3653508771929825
com.mobage.ww.a448.TouchHockey_android,ACCESS_FINE_LOCATION,TARGETED_ADS,-0.4608786786271464,-0.25,-0.5167543859649123
com.mobage.ww.a448.TouchHockey_android,GET_ACCOUNTS,TARGETED_ADS,-0.3810669930441442,-0.3499999999999998,-0.44600000000000006
com.mobage.ww.a448.TouchHockey_android,READ_PHONE_STATE,TARGETED_ADS,-0.3272291175637835,0.5,-0.21699999999999997
com.mobage.ww.a692.Bahamut_Android,ACCESS_FINE_LOCATION,TARGETED_ADS,-0.4462975798206353,-0.47368421052631554,-0.38497434763379046
com.mobage.ww.a692.Bahamut_Android,READ_PHONE_STATE,TARGETED_ADS,-0.3289513540045799,0.25,-0.21582456140350872
com.mobispectra.android.apps.car2enjoy,ACCESS_FINE_LOCATION,TARGETED_ADS,-0.475298030233942,0.3333333333333333,-0.40937652955919224
com.morisoft.AndroidFreeGamENG.AOD,READ_PHONE_STATE,TARGETED_ADS,-0.3223415991940359,-0.6315789473684211,-0.42452631578947364
com.ms.coupleobserver,ACCESS_FINE_LOCATION,TARGETED_ADS,-0.4645590772847525,-0.050000000000000024,-0.27085483316133474
com.murtos.android.peopleofwalmart,READ_PHONE_STATE,TARGETED_ADS,-0.32247912775084614,-0.7222222222222218,-0.1686358543417367
com.myxer.android,ACCESS_FINE_LOCATION,TARGETED_ADS,-0.4730937896740514,0.10526315789473677,-0.6620350877192982
com.myxer.android,READ_CONTACTS,TARGETED_ADS,-0.3762225456222575,-0.8333333333333331,-0.0931331269349845
com.myxer.android,READ_PHONE_STATE,TARGETED_ADS,-0.32619498141073494,0.21052631578947353,-0.2920597408554065
com.nordcurrent.Games101,ACCESS_COARSE_LOCATION,TARGETED_ADS,-0.5423826376285541,-0.3499999999999998,-0.6059038112522688
com.nordcurrent.Games101,READ_PHONE_STATE,TARGETED_ADS,-0.31569596493204466,-0.6999999999999996,-0.4993859649122808
com.nurogames.talkingsantalite,READ_PHONE_STATE,TARGETED_ADS,-0.33291890228653825,0.125,-0.35043137254901957
com.omgpop.dstfree,READ_PHONE_STATE,TARGETED_ADS,-0.32001590751949893,-0.6842105263157898,-0.20247953216374262
com.outfit7.mytalkingtomfree,READ_PHONE_STATE,TARGETED_ADS,-0.3171772204606384,-1.0,-0.44235087719298244
com.outfit7.mytalkingtomfree,RECORD_AUDIO,TARGETED_ADS,-1.0172222222222218,-0.75,-1.0172222222222218
com.outfit7.talkinggina,READ_PHONE_STATE,TARGETED_ADS,-0.3244832065981052,-0.4000000000000002,-0.5781929824561403
com.outfit7.talkingpierrefree,READ_PHONE_STATE,TARGETED_ADS,-0.32365477976622437,-0.15,-0.5820588972431076
com.outfit7.talkingtom,READ_PHONE_STATE,TARGETED_ADS,-0.31834958521267137,-0.9499999999999995,-0.5208245614035087
com.outfit7.talkingtom,RECORD_AUDIO,TARGETED_ADS,-0.9380555555555556,-1.0,-0.9380555555555556
com.outfit7.talkingtom2free,READ_PHONE_STATE,TARGETED_ADS,-0.3219579029514722,-0.6999999999999996,-0.5423859649122806
com.outfit7.talkingtom2free,RECORD_AUDIO,TARGETED_ADS,-0.978055555555556,-0.6999999999999996,-0.978055555555556
com.outfit7.tomlovesangelafree,CAMERA,TARGETED_ADS,-0.3781864319902052,-0.6842105263157898,-0.644
com.outfit7.tomlovesangelafree,READ_PHONE_STATE,TARGETED_ADS,-0.32428123322995933,-0.15,-0.6330701754385964
com.pallosalama.dice.free,READ_PHONE_STATE,TARGETED_ADS,-0.32121153928700646,-0.3499999999999998,-0.1984974200206398
com.popcannibal.spacethunk,READ_PHONE_STATE,TARGETED_ADS,-0.3259814173283056,-0.25,-0.4613921568627451
com.red.dino,READ_PHONE_STATE,TARGETED_ADS,-0.3182307612939184,-0.8500000000000003,-0.4617719298245614
com.repsis.android.tapdroid,READ_PHONE_STATE,TARGETED_ADS,-0.3150373208289929,-0.7857142857142857,-0.5232500000000001
com.rixment.game.rocketcraze,READ_PHONE_STATE,TARGETED_ADS,-0.32615141998217945,-0.050000000000000024,-0.24236842105263154
com.roboconn.snipelite,ACCESS_FINE_LOCATION,TARGETED_ADS,-0.4479332070299744,-0.4000000000000002,-0.6622884615384615
com.roboconn.snipetrial,ACCESS_FINE_LOCATION,TARGETED_ADS,-0.44295420227359705,-0.47368421052631554,-0.629580971659919
com.robotwheelie.android.facegoo,ACCESS_FINE_LOCATION,TARGETED_ADS,-0.43387795169509746,-0.6875,-0.4052456140350877
com.robotwheelie.android.facegoo,READ_PHONE_STATE,TARGETED_ADS,-0.3215314456974235,-0.4000000000000002,-0.48636842105263145
com.rocketmind.fishing,ACCESS_FINE_LOCATION,TARGETED_ADS,-0.4609233063693955,-0.2000000000000001,-0.3759821121431028
com.roguerocketgames.sushichop,READ_PHONE_STATE,TARGETED_ADS,-0.32169597749661016,-0.31578947368421056,-0.20410388716890263
com.romanempire,READ_PHONE_STATE,TARGETED_ADS,-0.3260962674699644,0.05263157894736838,-0.23182456140350885
com.rovio.angrybirds,ACCESS_COARSE_LOCATION,TARGETED_ADS,-0.4968665665600783,-0.8000000000000004,-0.5321887477313977
com.rovio.angrybirdsrio,ACCESS_COARSE_LOCATION,TARGETED_ADS,-0.523986947733318,-0.5500000000000003,-0.5557634603750756
com.rovio.angrybirdsseasons,ACCESS_COARSE_LOCATION,TARGETED_ADS,-0.5159590523242973,-0.6,-0.562075015124017
com.rovio.angrybirdsspace.ads,ACCESS_COARSE_LOCATION,TARGETED_ADS,-0.5307594705153688,-0.6499999999999999,-0.5610483968542045
com.shazam.android,ACCESS_FINE_LOCATION,TARGETED_ADS,-0.438907840280243,-0.6999999999999996,-0.2621746846767932
com.sirma.mobile.bible.android,READ_PHONE_STATE,TARGETED_ADS,-0.3247614830701874,-0.8000000000000004,-0.2776339869281046
com.sixwaves.strikefleetomega,READ_PHONE_STATE,TARGETED_ADS,-0.32918965092872915,-0.5,-0.4133157894736843
com.smartanuj.jokes,READ_PHONE_STATE,TARGETED_ADS,-0.3298078411162742,-0.21052631578947353,-0.4053053221288517
com.softcube.dadsday,SEND_SMS,TARGETED_ADS,-0.5724999999999998,-0.7777777777777782,-0.5724999999999998
com.softcube.screens,SEND_SMS,TARGETED_ADS,-0.7160185185185185,-0.5,-0.7160185185185185
com.softetic.plp.bam.demo,READ_PHONE_STATE,TARGETED_ADS,-0.3201881888457226,-0.6071428571428573,-0.20455933952528374
com.splashpadmobile.battery,SEND_SMS,TARGETED_ADS,-0.6388888888888891,-0.6499999999999999,-0.6388888888888891
com.stream.phd,READ_PHONE_STATE,TARGETED_ADS,-0.3193817161181681,-0.6999999999999996,-0.3554406604747161
com.stuckpixelinc.epicfail,READ_PHONE_STATE,TARGETED_ADS,-0.3223936551861856,-0.5500000000000003,-0.28618954248366013
com.stuckpixelinc.funnypics,READ_PHONE_STATE,TARGETED_ADS,-0.3237065874690229,0.23529411764705885,-0.3523333333333333
com.surpax.ledflashlight.panel,READ_PHONE_STATE,TARGETED_ADS,-0.3259409542527908,-0.21052631578947353,-0.43436842105263174
com.swagbuckstvmobile.views,ACCESS_FINE_LOCATION,TARGETED_ADS,-0.4620485680458797,-0.2307692307692308,-0.32776780185758525
com.tapular.grenadewhistle,READ_PHONE_STATE,TARGETED_ADS,-0.321459913427521,-0.8125,-0.31600619195046437
com.teachersparadise.groovyscratchdraw,ACCESS_FINE_LOCATION,TARGETED_ADS,-0.4596651090424001,-0.5,-0.6560389863547759
com.teachersparadise.groovyscratchdraw,READ_PHONE_STATE,TARGETED_ADS,-0.3192928416677033,-0.6842105263157898,-0.26576218323586737
com.teamandroid.game,READ_PHONE_STATE,TARGETED_ADS,-0.32601407241990005,-0.31578947368421056,-0.32865350877192984
com.teamsoft.falldown,READ_PHONE_STATE,TARGETED_ADS,-0.3222298788314032,-0.15,-0.2605438596491228
com.tgb.kingkong,READ_PHONE_STATE,TARGETED_ADS,-0.32338816176042184,0.15,-0.26520330237358103
com.tgb.nationsatwar,READ_PHONE_STATE,TARGETED_ADS,-0.3247803253832001,-0.10526315789473677,-0.106859649122807
com.thechive,ACCESS_FINE_LOCATION,TARGETED_ADS,-0.45132998589679385,-0.5789473684210529,-0.4203033857267604
com.thechive,READ_PHONE_STATE,TARGETED_ADS,-0.32698502897505327,-0.3,-0.312764705882353
com.trickybanana.sounds.neod,READ_PHONE_STATE,TARGETED_ADS,-0.32376434243399743,-0.10526315789473677,-0.3026842105263157
com.uken.android.ageoflegends,READ_PHONE_STATE,TARGETED_ADS,-0.32302805871358675,0.10000000000000005,-0.27515789473684216
com.uken.android.forcesofwar,READ_PHONE_STATE,TARGETED_ADS,-0.3269421511956486,-0.050000000000000024,-0.2574269005847954
com.uken.android.novawars,READ_PHONE_STATE,TARGETED_ADS,-0.33147691228921516,-0.2000000000000001,-0.26953216374269007
com.uken.android.thestreetz,READ_PHONE_STATE,TARGETED_ADS,-0.32716261548637604,0.050000000000000024,-0.27919883040935667
com.uken.android.villains,READ_PHONE_STATE,TARGETED_ADS,-0.317530647094826,-0.5500000000000003,-0.1757719298245614
com.visva.paintshop,READ_PHONE_STATE,TARGETED_ADS,-0.31649447424118804,-0.3499999999999998,-0.42589668615984416
com.westriversw.CatWar,READ_PHONE_STATE,TARGETED_ADS,-0.3219863002536328,0.11111111111111115,-0.3166315789473684
com.westriversw.MushroomWar,READ_PHONE_STATE,TARGETED_ADS,-0.3266104772770776,0.2000000000000001,-0.22418518518518518
com.westriversw.SvsM2,READ_PHONE_STATE,TARGETED_ADS,-0.3243658647410433,-0.25,-0.127448343079922
com.yobonja.blastmonkeysfree,READ_PHONE_STATE,TARGETED_ADS,-0.32019466566343335,-0.2941176470588235,-0.25985964912280696
com.zynga.words,ACCESS_FINE_LOCATION,TARGETED_ADS,-0.431842253187907,-0.8500000000000003,-0.33892982456140347
ez.android.myguns,ACCESS_FINE_LOCATION,TARGETED_ADS,-0.45340150035332144,-0.47368421052631554,-0.43357644110275706
game.activity,ACCESS_FINE_LOCATION,TARGETED_ADS,-0.4604401569321633,-0.2000000000000001,-0.4861630546955627
game.destiniaeng,READ_PHONE_STATE,TARGETED_ADS,-0.3250399029277499,-0.4499999999999998,-0.26476969384244925
goldenshorestechnologies.brightestflashlight.free,ACCESS_FINE_LOCATION,TARGETED_ADS,-0.4485739783484946,-0.9473684210526311,-0.4205298944558047
goodteamstudio.defence.lite.en,READ_PHONE_STATE,TARGETED_ADS,-0.3201710893876852,-0.5789473684210529,-0.12510526315789475
it.sunsea.cartonianimati,ACCESS_FINE_LOCATION,TARGETED_ADS,-0.44298149235231776,-0.5500000000000003,-0.41969635627530355
it.sunsea.cartonianimati,READ_PHONE_STATE,TARGETED_ADS,-0.3182330584319605,-0.6999999999999996,-0.22567285861713102
jiangyou4.wallpaper.japan4,ACCESS_COARSE_LOCATION,TARGETED_ADS,-0.5609381499726326,-0.21052631578947353,-0.5362413793103449
jiangyou4.wallpaper.japan4,ACCESS_FINE_LOCATION,TARGETED_ADS,-0.4447850264433875,-0.8947368421052635,-0.40705263157894744
logos.quiz.companies.game,READ_PHONE_STATE,TARGETED_ADS,-0.32457043481561476,-0.9499999999999995,-0.2642280701754386
meansoft.colorbook.musical.view,ACCESS_COARSE_LOCATION,TARGETED_ADS,-0.5283174951267057,-0.586206896551724,-0.5053508771929827
meansoft.colorbook.musical.view,ACCESS_FINE_LOCATION,TARGETED_ADS,-0.4357850625622409,-1.1071428571428574,-0.5131144364178419
meansoft.colorbook.musical.view,READ_PHONE_STATE,TARGETED_ADS,-0.3146435981379204,-1.071428571428572,-0.21737670565302147
mominis.Generic_Android.Katoombaa_Kitchen_Chaos,READ_PHONE_STATE,TARGETED_ADS,-0.3296816498962958,-0.2000000000000001,-0.21622807017543852
net.sjang.sail,ACCESS_FINE_LOCATION,TARGETED_ADS,-0.44997564162160203,-0.3,-0.5322266081871346
net.sjang.sail,READ_PHONE_STATE,TARGETED_ADS,-0.32074924231505464,-0.25,-0.5518902116402116
net.tsunamisoft.fanmusic,READ_PHONE_STATE,TARGETED_ADS,-0.322842249875027,-0.2000000000000001,-0.19158720330237358
nl.ejsoft.mortalskies2Free,READ_PHONE_STATE,TARGETED_ADS,-0.32237594793205704,-0.10000000000000005,-0.012780701754385953
org.invictus.froggyjumpx,READ_PHONE_STATE,TARGETED_ADS,-0.32385093422306643,-0.050000000000000024,-0.20084892787524372
pl.chrsoft.colorballs,READ_PHONE_STATE,TARGETED_ADS,-0.32221709965150214,-0.4499999999999998,-0.2909548872180452
ru.aeradev.games.clumpsball,READ_PHONE_STATE,TARGETED_ADS,-0.32400786058633935,-0.26315789473684226,-0.2524285714285714
se.tv4.tv4playtab,BLUETOOTH,TARGETED_ADS,-0.7864961203432058,-0.26315789473684226,-0.7729607843137257
smartteam.fishingmaster.lite.en,READ_PHONE_STATE,TARGETED_ADS,-0.32380674019524686,-0.25,-0.10622807017543863
sts.dl,READ_PHONE_STATE,TARGETED_ADS,-0.32536440778864767,-0.21052631578947353,-0.3304517543859648
talking.toy.teddy.bear,READ_PHONE_STATE,TARGETED_ADS,-0.32689428916412516,0.10526315789473677,-0.5879298245614034
com.amazon.kindle,AUTHENTICATE_ACCOUNTS,UTILITY,0.2195012995451592,0.6999999999999996,0.2219281045751634
com.amazon.kindle,MANAGE_ACCOUNTS,UTILITY,0.43053052020028276,0.9499999999999995,0.44944444444444465
com.amazon.mp3,AUTHENTICATE_ACCOUNTS,UTILITY,0.3708738485647668,0.4000000000000002,0.3734468524251804
com.avast.android.mobilesecurity,READ_CONTACTS,UTILITY,-0.4638157894736843,-0.25,-0.4638157894736843
com.facebook.katana,READ_PHONE_STATE,UTILITY,0.5842793257653939,0.6499999999999999,0.5842793257653939
com.facebook.orca,READ_PHONE_STATE,UTILITY,0.5031591273936474,0.8421052631578941,0.5031591273936475
com.handmark.tweetcaster,ACCESS_COARSE_LOCATION,UTILITY,1.0466967889093484,0.8999999999999996,1.0244210526315785
com.omgpop.dstfree,READ_PHONE_STATE,UTILITY,0.6797962962962962,0.05882352941176471,0.6797962962962962
com.outfit7.mytalkingtomfree,RECORD_AUDIO,UTILITY,1.3127650802322994,0.8000000000000004,1.319181630546956
com.sbs.lamusica,SEND_SMS,UTILITY,0.2276405048890327,-1.3500000000000008,0.15673684210526315
com.sgiggle.production,ACCESS_FINE_LOCATION,UTILITY,0.4681825759773008,0.050000000000000024,0.5999181286549707
com.shazam.android,RECORD_AUDIO,UTILITY,0.7494317468989664,1.4500000000000002,0.7778888888888892
com.skype.raider,READ_PHONE_STATE,UTILITY,0.5171813725490194,0.8333333333333331,0.5171813725490195
com.twoo,ACCESS_COARSE_LOCATION,UTILITY,0.830030122242682,1.1499999999999992,0.8072807017543855
com.viber.voip,READ_PHONE_STATE,UTILITY,0.5388514218552918,0.8000000000000004,0.5388514218552918
com.vkontakte.android,READ_CONTACTS,UTILITY,-0.5333333333333333,-0.15789473684210528,-0.5333333333333333
com.vkontakte.android,READ_PHONE_STATE,UTILITY,0.6351125730994155,0.26315789473684226,0.6351125730994155
com.whaleshark.retailmenot,BLUETOOTH,UTILITY,1.315268823731763,0.8999999999999996,1.319888888888889
com.yodawnla.isMonster2,BLUETOOTH,UTILITY,0.7952688237317628,1.5499999999999996,0.7740175438596489
mobi.browser.flashfox,AUTHENTICATE_ACCOUNTS,UTILITY,0.5564620838588848,0.05882352941176471,0.5410588235294119
net.zedge.android,READ_CONTACTS,UTILITY,-0.19934210526315782,-0.75,-0.19934210526315782
smm.refill,SEND_SMS,UTILITY,-0.8356928284443008,0.10000000000000005,-0.9107192982456146
bubbleshooter.android,ACCESS_FINE_LOCATION,SOCIAL_GAMING,-0.34409210526315787,-0.9499999999999995,-0.3464342105263158
com.Ama.PanicFlightFree,ACCESS_FINE_LOCATION,SOCIAL_GAMING,-0.5388011695906433,0.21052631578947353,-0.5543157894736841
com.SnowfallLiveWallpapers,ACCESS_FINE_LOCATION,SOCIAL_GAMING,-0.3396184210526316,-0.8947368421052635,-0.34251315789473696
com.aidigame.xcity,ACCESS_FINE_LOCATION,SOCIAL_GAMING,-0.41768274853801163,-0.4000000000000002,-0.37960087719298236
com.aidigame.xcity,CAMERA,SOCIAL_GAMING,-0.15129934210526313,0.0,-0.14849122807017545
com.aidigame.xcity,RECORD_AUDIO,SOCIAL_GAMING,0.5229331140350875,0.3,0.5015789473684208
com.cento.gates.main,ACCESS_FINE_LOCATION,SOCIAL_GAMING,-0.42668859649122803,-0.4499999999999998,-0.43566228070175433
com.electricsheep.edj,ACCESS_COARSE_LOCATION,SOCIAL_GAMING,-0.05999451754385967,-0.3499999999999998,-0.10640350877192985
com.icloudzone.SpeedNight,READ_CONTACTS,SOCIAL_GAMING,-0.30053179824561393,-0.6,-0.3053333333333332
com.icloudzone.SpeedNight2,READ_CONTACTS,SOCIAL_GAMING,-0.4921984649122805,-0.3499999999999998,-0.467017543859649
com.kangaroo.logic,ACCESS_FINE_LOCATION,SOCIAL_GAMING,-0.4878830409356725,-0.2000000000000001,-0.523859649122807
com.loloworks.llzbs,ACCESS_FINE_LOCATION,SOCIAL_GAMING,-0.417184210526316,-0.3,-0.4170263157894739
com.loloworks.llzbs,CAMERA,SOCIAL_GAMING,-0.01629934210526316,-0.15,-0.012333333333333333
com.loloworks.llzbs,RECORD_AUDIO,SOCIAL_GAMING,0.20293311403508765,0.6999999999999996,0.18666666666666656
com.magmamobile.game.BubbleBlast2,READ_PHONE_STATE,SOCIAL_GAMING,-0.14643092105263159,0.10000000000000005,-0.4789999999999999
com.myfknoll.draw.together,BLUETOOTH,SOCIAL_GAMING,0.6170614035087719,1.25,0.6322631578947369
com.panapstudio.mojitsunagifree,BLUETOOTH,SOCIAL_GAMING,1.0008333333333332,0.7894736842105264,0.9716666666666666
com.rastergrid.game.pocketsoccer,ACCESS_COARSE_LOCATION,SOCIAL_GAMING,-0.30999451754385954,-0.050000000000000024,-0.27861403508771915
com.tatem.robosockets,SEND_SMS,SOCIAL_GAMING,-0.7831140350877196,-0.5,-0.7895614035087721
ns.feedmeworms,SEND_SMS,SOCIAL_GAMING,-0.4410087719298245,-0.8947368421052635,-0.4087894736842105
com.gamestop.powerup,ACCESS_FINE_LOCATION,DEVELOPMENT_AID,-0.009583333333333312,0.9375,-0.009583333333333305
com.gamestop.powerup,CAMERA,DEVELOPMENT_AID,0.881172839506173,0.9444444444444439,0.881172839506173
com.gamestop.powerup,READ_CONTACTS,DEVELOPMENT_AID,-0.5464744778773792,-1.2941176470588236,-0.6438167641325533
com.hipipal.qpy3,SEND_SMS,DEVELOPMENT_AID,-0.12167742969603079,-0.10526315789473677,-0.15854385964912285
com.hipipal.qpyplus,BLUETOOTH,DEVELOPMENT_AID,-0.023302066775186914,0.9499999999999995,-0.27207017543859646
com.mediafire.android,CAMERA,DEVELOPMENT_AID,0.7659104938271603,1.2222222222222217,0.7659104938271603
com.meecel.feedreader.RssDemonAd,GET_ACCOUNTS,DEVELOPMENT_AID,-0.045862536563759784,0.8500000000000003,0.1397115009746589
com.pnc.ecommerce.mobile,ACCESS_FINE_LOCATION,DEVELOPMENT_AID,-0.020798611111111105,0.8999999999999996,-0.020798611111111105
com.pnc.ecommerce.mobile,CAMERA,DEVELOPMENT_AID,0.6893827160493827,1.649999999999999,0.6893827160493827
com.tommmi.freedjsoftware,READ_PHONE_STATE,DEVELOPMENT_AID,-0.9741043930472082,-0.8999999999999996,-0.9678465772273819
com.tommmi.freedjsoftware,RECORD_AUDIO,DEVELOPMENT_AID,-1.0807017543859654,0.15,-1.0807017543859654
com.unityconceptapps.tcr.kiat,ACCESS_FINE_LOCATION,DEVELOPMENT_AID,0.47885416666666647,-1.1499999999999992,0.47885416666666647
com.unityconceptapps.tcr.kiat,CAMERA,DEVELOPMENT_AID,1.2646604938271606,-0.6,1.2646604938271608
com.unityconceptapps.tcr.kiat,READ_PHONE_STATE,DEVELOPMENT_AID,-0.8845842692081993,-1.052631578947369,-0.9095757367274396
com.unityconceptapps.tcr.kiat,RECORD_AUDIO,DEVELOPMENT_AID,-0.34605263157894744,-1.2631578947368423,-0.34605263157894744
com.webkey,SEND_SMS,DEVELOPMENT_AID,-0.08290549987146938,-0.15,-0.05745029239766079
com.zc.android,ACCESS_FINE_LOCATION,DEVELOPMENT_AID,-0.0041319444444444355,1.0,-0.004131944444444413
com.zc.android,READ_CONTACTS,DEVELOPMENT_AID,-1.021768595524438,-0.6999999999999996,-0.9584793028322437
grandtheft.auto.vicecity.cheats.unofficial,READ_PHONE_STATE,DEVELOPMENT_AID,-0.9488309152350312,-0.9411764705882354,-0.9761052631578948
grandtheft.auto.vicecity.cheats.unofficial,RECORD_AUDIO,DEVELOPMENT_AID,-0.6507894736842108,-0.8421052631578941,-0.6507894736842108
jp.naver.linetools,ACCESS_FINE_LOCATION,DEVELOPMENT_AID,0.3627083333333333,-0.6,0.3627083333333333
jp.naver.linetools,CAMERA,DEVELOPMENT_AID,0.8875308641975309,1.2,0.8875308641975309
com.UCMobile.intl,ACCESS_COARSE_LOCATION,SNS,0.36045321637426914,0.4000000000000002,0.36045321637426914
com.UCMobile.intl,ACCESS_FINE_LOCATION,SNS,0.04740497076023393,0.4499999999999998,0.04740497076023393
com.UCMobile.intl,READ_PHONE_STATE,SNS,0.2510259717922256,0.25,0.346017543859649
com.ddmap.android.privilege,MANAGE_ACCOUNTS,SNS,-0.12132094943240457,-0.6499999999999999,-0.1175555555555556
com.digitalchocolate.androiddistrictpa,READ_CONTACTS,SNS,-0.22433866529067767,-0.5500000000000003,-0.22342105263157894
com.elijahsh.birthdayreminder,AUTHENTICATE_ACCOUNTS,SNS,-0.27891361369109036,-0.4000000000000002,-0.3024444444444443
com.happyelements.happyfish,ACCESS_FINE_LOCATION,SNS,0.16896198830409354,-0.26315789473684226,0.16896198830409354
com.jb.gosms,GET_ACCOUNTS,SNS,-0.04838321293429653,-0.050000000000000024,0.3199883040935673
com.jrummy.liberty.toolbox,READ_CONTACTS,SNS,-0.49433866529067794,-0.25,-0.46253216374269024
com.letang.game103pp.cn,SEND_SMS,SNS,-0.3387560199518405,-0.6499999999999999,-0.3291111111111113
com.mapbar.android.mapbarmap,MANAGE_ACCOUNTS,SNS,-0.1029876160990712,-0.5,-0.09373099415204678
com.nubee.japanlife,MANAGE_ACCOUNTS,SNS,-0.5399320605435154,0.3333333333333333,-0.5381666666666665
com.playphone.zombiemission,SEND_SMS,SNS,-0.5554226866185072,-0.4000000000000002,-0.5264444444444447
com.sds.android.ttpod,ACCESS_COARSE_LOCATION,SNS,0.5583625730994153,-0.25,0.5583625730994153
com.sds.android.ttpod,ACCESS_FINE_LOCATION,SNS,0.13882309941520468,-0.15,0.13882309941520468
com.seven.integral.Z7,AUTHENTICATE_ACCOUNTS,SNS,-0.31891361369109067,-0.3499999999999998,-0.27947368421052643
com.wantu.activity,ACCESS_COARSE_LOCATION,SNS,0.28960526315789475,0.5263157894736845,0.28960526315789475
com.wantu.activity,ACCESS_FINE_LOCATION,SNS,0.10536549707602336,0.05263157894736838,0.10536549707602334
vStudio.Android.Camera360,ACCESS_COARSE_LOCATION,SNS,0.2032748538011697,0.7368421052631576,0.2032748538011697
vStudio.Android.Camera360,ACCESS_FINE_LOCATION,SNS,0.02048245614035089,0.47368421052631554,0.020482456140350887
vStudio.Android.Camera360,READ_PHONE_STATE,SNS,0.184359305125559,0.3333333333333333,0.2866315789473684
com.acmdvp.myconverter,ACCESS_FINE_LOCATION,SECONDARY_MARKET,-0.9226315789473687,-0.6499999999999999,-0.9226315789473687
com.creativemobile.DragRacing,GET_ACCOUNTS,SECONDARY_MARKET,-0.6739912280701752,-0.6499999999999999,-0.6739912280701753
com.creativemobile.DragRacing,READ_PHONE_STATE,SECONDARY_MARKET,-0.8441622807017546,-0.4499999999999998,-0.8441622807017546
com.fruit.shooter.blast,READ_CONTACTS,SECONDARY_MARKET,-1.2260855263157895,-1.2999999999999998,-1.2223859649122806
com.fruit.shooter.legend,READ_CONTACTS,SECONDARY_MARKET,-1.2260855263157895,-1.2999999999999998,-1.2209298245614035
com.gau.go.launcherex.gowidget.weatherwidget,GET_ACCOUNTS,SECONDARY_MARKET,-0.6868362573099415,-0.6,-0.6868362573099415
com.gau.go.launcherex.gowidget.weatherwidget,READ_PHONE_STATE,SECONDARY_MARKET,-0.7975365497076025,-0.7368421052631576,-0.7975365497076025
com.hotspots.voicedialer,ACCESS_FINE_LOCATION,SECONDARY_MARKET,-0.8425000000000004,-0.7894736842105264,-0.8425000000000004
com.jb.gokeyboard,GET_ACCOUNTS,SECONDARY_MARKET,-0.6804722222222223,-0.6315789473684211,-0.6804722222222223
com.miniclip.eightballpool,GET_ACCOUNTS,SECONDARY_MARKET,-0.6691198830409356,-0.6999999999999996,-0.6691198830409356
com.miniclip.eightballpool,READ_PHONE_STATE,SECONDARY_MARKET,-0.7564897660818715,-0.9499999999999995,-0.7564897660818714
com.teamlava.bakerystory,READ_PHONE_STATE,SECONDARY_MARKET,-0.7502836257309943,-0.9499999999999995,-0.7502836257309943
com.teamlava.restaurantstory,GET_ACCOUNTS,SECONDARY_MARKET,-0.6655570175438597,-0.6999999999999996,-0.6655570175438598
com.teamlava.restaurantstory,READ_PHONE_STATE,SECONDARY_MARKET,-0.767790935672515,-0.8000000000000004,-0.767790935672515
com.xvalue.androtoolkit,ACCESS_FINE_LOCATION,SECONDARY_MARKET,-0.9648099415204683,-0.6,-0.9648099415204684
com.xz.nc,SEND_SMS,SECONDARY_MARKET,-0.8469517543859653,-0.4000000000000002,-0.8549824561403511
com.zeptolab.ctr.ads,GET_ACCOUNTS,SECONDARY_MARKET,-0.6559005847953217,-0.75,-0.6559005847953217
com.zeptolab.ctr.ads,READ_PHONE_STATE,SECONDARY_MARKET,-0.7828508771929825,-0.7894736842105264,-0.7828508771929825
flypiggroup.zhainan2012,ACCESS_FINE_LOCATION,SECONDARY_MARKET,-0.6745029239766084,-1.3500000000000008,-0.6745029239766084
xz.com.dadisu,SEND_SMS,SECONDARY_MARKET,-0.47195175438596504,-0.8500000000000003,-0.4963157894736844
cn.otlive.games.android.CashOut,SEND_SMS,GAME_ENGINE,-1.0941173245614038,-1.2,-1.1759649122807019
cn.otlive.games.android.CashOut_Pad,SEND_SMS,GAME_ENGINE,-1.0107839912280698,-1.2999999999999998,-1.0926315789473682
com.animocacollective.google.superstarFashionGirl,CAMERA,GAME_ENGINE,0.8002631578947371,0.5263157894736845,0.800263157894737
com.aurum.google.aliceOfHeart,BLUETOOTH,GAME_ENGINE,0.8476206140350874,1.1499999999999992,0.9471403508771926
com.c4mprod.ezcodescanner,CAMERA,GAME_ENGINE,0.7171198830409354,0.8000000000000004,0.7171198830409354
com.catstudio.zuma1,RECORD_AUDIO,GAME_ENGINE,-0.22749999999999992,-0.3,-0.22749999999999992
com.genina.android.blackjack.view,READ_PHONE_STATE,GAME_ENGINE,-0.8099647034252296,-1.0500000000000005,-0.797451754385965
com.imangi.templerun2,READ_PHONE_STATE,GAME_ENGINE,-0.8404993734335839,-0.8000000000000004,-0.7943991228070177
com.kiloo.subwaysurf,READ_PHONE_STATE,GAME_ENGINE,-0.8110682957393484,-1.0500000000000005,-0.848013157894737
com.leftover.CoinDozer,READ_PHONE_STATE,GAME_ENGINE,-0.8729970760233918,-0.5500000000000003,-0.8616842105263157
com.moaibot.sweetyheaven,RECORD_AUDIO,GAME_ENGINE,-0.3,-0.15,-0.3
com.mythlj.snakesally,BLUETOOTH,GAME_ENGINE,0.8476206140350874,1.1499999999999992,0.8393157894736839
com.outfit7.mytalkingtomfree,READ_PHONE_STATE,GAME_ENGINE,-0.7884076858813702,-1.1499999999999992,-0.7665789473684214
com.redbull.RedBullAugmentedRacingReloaded,CAMERA,GAME_ENGINE,0.8218713450292395,0.3499999999999998,0.8218713450292395
com.spinmaster.techdeck,CAMERA,GAME_ENGINE,0.6804459064327484,0.9473684210526311,0.6804459064327484
com.ygoar.ygodad,CAMERA,GAME_ENGINE,0.6576608187134504,1.052631578947369,0.6576608187134504
henrich.thandroid.floor,RECORD_AUDIO,GAME_ENGINE,-0.2249999999999999,-0.3,-0.2249999999999999
jp.naver.SJLGPP,READ_PHONE_STATE,GAME_ENGINE,-0.845547619047619,-0.8421052631578941,-0.8573333333333331
jp.naver.SJLGWR,READ_PHONE_STATE,GAME_ENGINE,-0.8817871762740183,-0.5,-0.852504385964912
net.mobilecraft.realbasketball,READ_PHONE_STATE,GAME_ENGINE,-0.847307852965748,-0.75,-0.8388421052631575
com.GnarlyGames.GnarBikeTrials,ACCESS_COARSE_LOCATION,PAYMENT,0.7068494152046783,-0.8947368421052635,0.6906666666666667
com.badoo.mobile,READ_PHONE_STATE,PAYMENT,-0.2779983484946935,0.25,-0.3336432748538013
com.badoo.mobile,SEND_SMS,PAYMENT,-0.31847222222222216,0.0,-0.3180277777777777
com.creativemobile.DragRacing,READ_PHONE_STATE,PAYMENT,-0.21005029935950992,-0.4499999999999998,-0.290401559454191
com.creativemobile.dragracingbe,READ_PHONE_STATE,PAYMENT,-0.2493103282898605,0.0,-0.3740077972709552
com.gamebasics.osm,SEND_SMS,PAYMENT,-0.24825308641975308,-0.5,-0.24920370370370365
com.glu.android.ck,READ_PHONE_STATE,PAYMENT,-0.2277784430211331,-0.15,-0.36444639376218313
com.happyelements.happyfish,READ_PHONE_STATE,PAYMENT,-0.24392913224419074,-0.050000000000000024,-0.22790253411306038
com.netqin.ps,READ_PHONE_STATE,PAYMENT,-0.23287862016151492,-0.27777777777777773,-0.18743859649122807
com.netqin.ps,SEND_SMS,PAYMENT,-0.2901388888888889,-0.2222222222222223,-0.2859166666666667
com.nqmobile.antivirus20,READ_PHONE_STATE,PAYMENT,-0.2032904212692225,-0.4499999999999998,-0.13464522417153996
com.nqmobile.antivirus20,SEND_SMS,PAYMENT,-0.25215740740740744,-0.5,-0.23671296296296296
com.nqmobile.antivirus20.multilang,SEND_SMS,PAYMENT,-0.26652160493827154,-0.3499999999999998,-0.260324074074074
com.socialquantum.acityint,READ_PHONE_STATE,PAYMENT,-0.1986455606609116,-0.6,-0.23399999999999996
com.ubercab,ACCESS_COARSE_LOCATION,PAYMENT,-0.7887646198830413,0.8999999999999996,-0.8196140350877195
com.zeptolab.ctrexperiments.ads,READ_PHONE_STATE,PAYMENT,-0.2285148326062069,-0.25,-0.2093411306042885
com.zoosk.zoosk,READ_PHONE_STATE,PAYMENT,-0.23167746913580242,-0.31578947368421056,-0.18437037037037038
com.zrgiu.antivirus,SEND_SMS,PAYMENT,-0.3109228395061727,-0.050000000000000024,-0.29754629629629625
eu.nordeus.topeleven.android,READ_PHONE_STATE,PAYMENT,-0.22524448080076737,-0.25,-0.3233333333333333
eu.nordeus.topeleven.android,SEND_SMS,PAYMENT,-0.26386728395061737,-0.3333333333333333,-0.2683611111111112
